post_no,type,writer,body,time,hour,soldout
926901171,comment,Kitchen B1,중식1코너품절되었습니다.추가찬고구마샐러드제공드립니다.,2023년 5월 3일,NaN,1.0
926901674,comment,kitchen B1,석식1코스품절되었습니다,2월 15일 PM 7:53,19:53,1.0
926901672,comment,kitchen B1,석식1코스나가사끼짬뽕품절되었습니다.,2월 14일 PM 7:44,19:44,1.0
926901669,comment,Kitchen B1,석식1코너매콤닭볶음탕은품절되었습니다.,2월 13일 PM 7:57,19:57,1.0
926901668,comment,Kitchen B1,중식1코스일식카레우동이품절되었습니다,2월 13일 PM 1:31,13:31,1.0
926900914,comment,원지연,1코너콩비지찌개품절되었습니다.,2022년 12월 20일,NaN,1.0
926901662,comment,Kitchen B1,중식1코스떡만두국품절되었습니다.,2월 7일 PM 1:48,13:48,1.0
926900913,comment,원지연,1코너소고기우육탕면품절되었습니다.,2022년 12월 20일,NaN,1.0
926901660,comment,Kitchen B1,석식1코너동태지리탕은품절되었습니다.,2월 6일 PM 7:56,19:56,1.0
926901657,comment,Kitchen B1,중식1코너토마토리조또는품절되었습니다.,2월 5일 PM 1:37,13:37,1.0
926900921,comment,Kitchen B1,1코너부대찌개품절되었습니다,2022년 12월 22일,NaN,1.0
926900930,comment,Kitchen B1,1코너짜장면품절되었습니다,2022년 12월 26일,NaN,1.0
926901651,comment,Kitchen B1,중식1코스차돌냉이된장찌개품절되었습니다.,2월 1일 PM 1:22,13:22,1.0
926901649,comment,kitchen B1,석식1코스불고기퀘사디아는품절되었습니다.,1월 31일 PM 7:57,19:57,1.0
926901647,comment,Kitchen B1,석식1코스품절되었습니다.,1월 30일 PM 7:49,19:49,1.0
926900917,comment,Kitchen B1,1코너베테랑칼국수품절되었습니다,2022년 12월 21일,NaN,1.0
926900933,comment,Kitchen B1,1코너경상도소고기무국품절되었습니다,2022년 12월 27일,NaN,1.0
926901678,comment,Kitchen B1,중식1코스유부쑥갓잔치국수품절되었습니다,2월 19일 PM 1:30,13:30,1.0
926901688,comment,kitchen B1,석식1코스쫄우동은품절되었습니다.,2월 22일 PM 7:50,19:50,1.0
926900886,comment,원지연,1코너돈코츠라멘품절되었습니다.,2022년 12월 6일,NaN,1.0
926901731,comment,Kitchen B1,중식1코스품절되었습니다.,3월 18일 PM 1:32,13:32,1.0
926901723,comment,Kitchen B1,중식1코스품절되었습니다,3월 14일 PM 1:40,13:40,1.0
926901721,comment,Kitchen B1,중식1코스베트남소고기쌀국수는품절되었습니다.,3월 13일 PM 1:33,13:33,1.0
926900890,comment,Kitchen B1,1코너파주닭칼국수품절되었습니다,2022년 12월 8일,NaN,1.0
926901708,comment,Kitchen B1,석식1코너동태지리탕은품절되었습니다.,3월 6일 PM 7:54,19:54,1.0
926901684,comment,Kitchen B1,석식1코너뼈없는감자탕품절되었습니다.,2월 21일 PM 7:54,19:54,1.0
926900892,comment,Kitchen B1,1코너돈육김치개품절되었습니다,2022년 12월 9일,NaN,1.0
926901705,comment,Kitchen B1,중식1코스누룽지닭백숙은품절되었습니다.,3월 5일 PM 1:26,13:26,1.0
926901703,comment,Kitchen B1,석식1코너고사리알리오올리오는품절되었습니다.,3월 4일 PM 7:46,19:46,1.0
926900900,comment,원지연,1코너청국장찌개품절되었습니다.,2022년 12월 13일,NaN,1.0
926901695,comment,Kitchen B1,중식1코스닭보쌈은품절되었습니다.,2월 27일 PM 1:37,13:37,1.0
926900904,comment,원지연,1코너식물성한식교자만두국품절되었습니다.,2022년 12월 15일,NaN,1.0
926900906,comment,원지연,1코너명란크림파스타품절되었습니다.,2022년 12월 16일,NaN,1.0
926901706,comment,Kitchen B1,석식1코너철판오징어볶음&소면사리는품절되었습니다.,3월 5일 PM 7:38,19:38,1.0
926901744,comment,Kitchen B1,중식1코스품절되었습니다,3월 22일 PM 1:43,13:43,1.0
926900934,comment,원지연,1코너참치김치지개품절되었습니다.,2022년 12월 28일,NaN,1.0
926901637,comment,Kitchen B1,석식1코스품절되었습니다.,1월 24일 PM 7:52,19:52,1.0
926900968,comment,kitchen_B1,1코너설렁탕품절되었습니다.,2023년 1월 16일,NaN,1.0
926901579,comment,Kitchen B1,석식1코스쫄우동품절되었습니다.,12월 21일 PM 7:39,19:39,1.0
926900776,comment,B1_Kitchen,1코너뼈없는닭갈비품절되었습니다.,2022년 10월 7일,NaN,1.0
926900969,comment,kitchen_B1,1코너닭볶음탕품절되었습니다.,2023년 1월 16일,NaN,1.0
926901574,comment,Kitchen B1,중식1코너베테랑칼국수는품절되었습니다.,12월 19일 PM 1:36,13:36,1.0
926901573,comment,Kitchen B1,석식1코너고사리오일파스타는품절되었습니다.,12월 18일 PM 7:50,19:50,1.0
926900962,comment,kitchen_B1,1코너고추장제육불고기품절되었습니다,2023년 1월 13일,NaN,1.0
926901572,comment,Kitchen B1,중식1코너짜글이찌개는품절되었습니다.,12월 18일 PM 1:46,13:46,1.0
926900970,comment,kitchen_B1,1코너만두전골품절되었습니다.,2023년 1월 17일,NaN,1.0
926900972,comment,kitchen_B1,1코너삼겹살고추장구이&구운양파품절되었습니다.,2023년 1월 18일,NaN,1.0
926900973,comment,kitchen_B1,1코너중화풍볶음짬뽕품절되었습니다.,2023년 1월 18일,NaN,1.0
926901554,comment,Kitchen B1,중식1코너홍합토마토파스타는품절되었습니다.,12월 7일 PM 1:48,13:48,1.0
926901552,comment,kitchen B1,중식1코스분짜플레터품절되었습니다,12월 6일 PM 1:41,13:41,1.0
926901550,comment,Kitchen B1,석식1코너참치마요데리야끼덮밥은품절되었습니다.,12월 5일 PM 7:54,19:54,1.0
926901568,comment,Kitchen B1,중식1코스나가사키짬뽕품절되었습니다,12월 15일 PM 1:32,13:32,1.0
926900936,comment,원지연,1코너꼬치어묵잔치국수품절되었습니다.,2022년 12월 29일,NaN,1.0
926901589,comment,Kitchen B1,중식1코너뼈없는감자탕은품절되었습니다.,12월 27일 PM 1:46,13:46,1.0
926901594,comment,Kitchen B1,중식1코너얼큰돈까스나베는품절되었습니다.,12월 29일 PM 1:05,13:05,1.0
926900943,comment,kitchen_B1,1코너돈육오징어볶음품절되었습니다.,2023년 1월 2일,NaN,1.0
926901622,comment,Kitchen B1,석식1코스볼락한마리구이품절되었습니다,1월 16일 PM 7:59,19:59,1.0
926900948,comment,kitchen_B1,1코너얼큰소고기버섯칼국수품절되었습니다.,2023년 1월 5일,NaN,1.0
926901612,comment,Kitchen B1,석식1코스고등어무조림품절되었습니다,1월 10일 PM 8:00,20:00,1.0
926901611,comment,kitchen B1,중식1코스뚝배기홍합파스타는품절되었습니다,1월 10일 PM 12:58,12:58,1.0
926901609,comment,Kitchen B1,석식1코너일식카레우동은품절되었습니다.,1월 9일 PM 7:35,19:35,1.0
926901591,comment,Kitchen B1,중식1코너꼬치어묵잔치국수는품절되었습니다.,12월 28일 PM 1:40,13:40,1.0
926901608,comment,Kitchen B1,중식1코너치즈부대전골품절되었습니다.,1월 9일 PM 1:33,13:33,1.0
926901606,comment,kitchen B1,중식1코스우육탕면은품절되었습니다,1월 8일 PM 1:37,13:37,1.0
926900950,comment,Kitchen B1,1코너돼지국밥품절되었습니다,2023년 1월 6일,NaN,1.0
926900954,comment,kitchen_B1,1코너뚝배기불고기품절되었습니다,2023년 1월 9일,NaN,1.0
926901601,comment,Kitchen B1,중식1코스품절되었습니다.,1월 4일 PM 1:31,13:31,1.0
926901599,comment,kitchen B1,중식1코스반반불고기품절되었습니다.,1월 3일 PM 1:48,13:48,1.0
926900956,comment,kitchen_B1,1코너돈목살김치찜품절되었습니다.,2023년 1월 10일,NaN,1.0
926901607,comment,Kitchen B1,석식1코너안동찜닭은품절되었습니다.,1월 8일 PM 7:43,19:43,1.0
926900880,comment,원지연,1코너돼지국밥품절되었습니다.,2022년 12월 2일,NaN,1.0
926901753,comment,kitchen B1,석식1코스품절되었습니다.,3월 27일 PM 7:47,19:47,1.0
926901755,comment,Kitchen B1,석식1코스차돌된장찌개품절되었습니다,3월 28일 PM 7:50,19:50,1.0
926900688,comment,B1_Kitchen,1코너자장면품절되었습니다.,2022년 8월 18일,NaN,1.0
926900672,comment,B1_Kitchen,1코너냉모밀품절되었습니다.,2022년 8월 9일,NaN,1.0
926900666,comment,B1_Kitchen,1코너얼큰소고기버섯샤브전골품절입니다.,2022년 8월 5일,NaN,1.0
926900657,comment,B1_Kitchen,1코너소고기쌀국수품절되었습니다.,2022년 8월 1일,NaN,1.0
926900653,comment,B1_Kitchen,1코너만두순두부찌개품절되었습니다.,2022년 7월 29일,NaN,1.0
926900636,comment,B1_Kitchen,1코너메밀소바품절되었습니다.,2022년 7월 21일,NaN,1.0
926900703,comment,B1_Kitchen,1코너반반닭구이품절되었습니다.,2022년 8월 26일,NaN,1.0
926900794,comment,B1_Kitchen,1코너부대찌개품절되었습니다.,2022년 10월 19일,NaN,1.0
926900621,comment,B1_Kitchen,1코너제육김치볶음품절되었습니다.,2022년 7월 13일,NaN,1.0
926900620,comment,B1_Kitchen,1코너소고기보양전골품절되었습니다.,2022년 7월 13일,NaN,1.0
926900797,comment,B1_Kitchen,1코너올리브토마토파스타품절되었습니다.,2022년 10월 20일,NaN,1.0
926900618,comment,B1_Kitchen,1코너부대전골품절되었습니다.,2022년 7월 12일,NaN,1.0
926900804,comment,B1_Kitchen,1코너짜글이김치찌개품절되었습니다.,2022년 10월 24일,NaN,1.0
926900811,comment,B1_Kitchen,1코너닭간장불고기품절되었습니다.,2022년 10월 27일,NaN,1.0
926900622,comment,B1_Kitchen,1코너황태비빔냉면품절되었습니다.,2022년 7월 14일,NaN,1.0
926900813,comment,B1_Kitchen,1코너설렁탕품절되었습니다.,2022년 10월 28일,NaN,1.0
926900707,comment,B1_Kitchen,1코너참치김치찌개품절되었습니다.,2022년 8월 29일,NaN,1.0
926900715,comment,Kitchen B1,1코너:장터국밥품절되었습니다,2022년 9월 1일,NaN,1.0
926900775,comment,B1_Kitchen,1코너양지탕품절되었습니다.,2022년 10월 6일,NaN,1.0
926900770,comment,B1_Kitchen,1코너가자미구이품절되었습니다.,2022년 10월 6일,NaN,1.0
926900782,comment,B1_Kitchen,1코너닭개장품절되었습니다.,2022년 10월 12일,NaN,1.0
926900765,comment,B1_Kitchen,1코너얼큰경상도소고기국밥품절되었습니다.,2022년 10월 4일,NaN,1.0
926900783,comment,B1_Kitchen,1코너참나물제육불고기품절되었습니다.,2022년 10월 12일,NaN,1.0
926900784,comment,B1_Kitchen,1코너들기름칼국수품절되었습니다.,2022년 10월 13일,NaN,1.0
926900714,comment,Kitchen B1,1코너품절되었습니다,2022년 9월 1일,NaN,1.0
926900755,comment,B1_Kitchen,1코너버섯소불고기품절되었습니다.,2022년 9월 27일,NaN,1.0
926900742,comment,B1_Kitchen,1코너버터플라이고등어구이정식품절되었습니다.,2022년 9월 20일,NaN,1.0
926900741,comment,B1_Kitchen,1코너닭곰탕품절되었습니다.,2022년 9월 19일,NaN,1.0
926900736,comment,B1_Kitchen,1코너돼지양념구이품절되었습니다.,2022년 9월 16일,NaN,1.0
926900726,comment,B1_Kitchen,1코너매운갈비찜품절되었습니다.,2022년 9월 8일,NaN,1.0
926900722,comment,B1_Kitchen,1코너비빔막국수품절되었습니다.,2022년 9월 6일,NaN,1.0
926900716,comment,Kitchen B1,1코너:고기국수품절되었습니다,2022년 9월 2일,NaN,1.0
926900744,comment,B1_Kitchen,1코너등촌버섯칼국수품절되었습니다.,2022년 9월 21일,NaN,1.0
926901859,comment,Kitchen B1,중식1코스품절되었습니다,5월 29일 PM 1:48,13:48,1.0
926901858,comment,kitchen B1,석식1코스품절되었습니다,5월 28일 PM 7:45,19:45,1.0
926901857,comment,Kitchen B1,중식1코스토마토리조또&그릴함박품절되었습니다,5월 28일 PM 1:47,13:47,1.0
926901802,comment,Kitchen B1,석식1코스일식카레우동은품절되었습니다.,4월 24일 PM 7:45,19:45,1.0
926900847,comment,B1_Kitchen,1코너계림닭볶음탕품절되었습니다.,2022년 11월 15일,NaN,1.0
926901797,comment,Kitchen B1,중식1코스꼬치어묵잔치국수품절되었습니다.,4월 22일 PM 1:39,13:39,1.0
926900849,comment,B1_Kitchen,1코너만두육개장품절되었습니다.,2022년 11월 16일,NaN,1.0
926900853,comment,B1_Kitchen,1코너키츠네우동품절되었습니다.,2022년 11월 17일,NaN,1.0
926901792,comment,kitchen B1,중식1코스참나물불고기파스타는품절되었습니다,4월 18일 PM 1:48,13:48,1.0
926901806,comment,Kitchen B1,석식1코스소고기숙주볶음품절되었습니다,4월 25일 PM 7:46,19:46,1.0
926900854,comment,원지연,1코너장칼국수품절되었습니다.,2022년 11월 18일,NaN,1.0
926900859,comment,원지연,1코너안동국밥품절되었습니다.,2022년 11월 21일,NaN,1.0
926900862,comment,원지연,1코너순두부찌개품절되었습니다.,2022년 11월 23일,NaN,1.0
926900874,comment,원지연,1코너소고기버섯전골품절되었습니다.,2022년 11월 29일,NaN,1.0
926901772,comment,kitchen B1,석식1코스품절되었습니다.,4월 8일 PM 7:34,19:34,1.0
926901762,comment,kitchen B1,석식1코스볼락한마리구이는품절되었습니다,4월 2일 PM 7:48,19:48,1.0
926901756,comment,Kitchen B1,중식1코너땡초우동품절되었습니다,3월 29일 PM 1:51,13:51,1.0
926901789,comment,kitchen B1,석식1코스품절되었습니다.,4월 16일 PM 7:41,19:41,1.0
926901807,comment,Kitchen B1,중식1코스돈까스김치나베는품절되었습니다.,4월 26일 PM 1:30,13:30,1.0
926900846,comment,B1_Kitchen,1코너양지쌀국수품절되었습니다.,2022년 11월 14일,NaN,1.0
926900841,comment,B1_Kitchen,1코너쇠고기샤브샤브전골품절되었습니다.고구마순들깨나물->무말랭이무침으로변경되었습니다.,2022년 11월 11일,NaN,1.0
926900818,comment,B1_Kitchen,1코너짬뽕순두부찌개품절되었습니다.,2022년 10월 31일,NaN,1.0
926900820,comment,B1_Kitchen,1코너돈육두루치기품절되었습니다.,2022년 11월 1일,NaN,1.0
926900825,comment,B1_Kitchen,1코너유니짜장면품절되었습니다.,2022년 11월 3일,NaN,1.0
926900831,comment,Kitchen B1,1코너-콩나물삼겹두루치기품절되었습니다,2022년 11월 7일,NaN,1.0
926900832,comment,Kitchen B1,1코너-육감쫄면품절되었습니다,2022년 11월 7일,NaN,1.0
926900835,comment,원지연,1코너봉추찜닭품절되었습니다.,2022년 11월 8일,NaN,1.0
926901843,comment,Kitchen B1,중식1코스얼큰깻잎칼국수는품절되었습니다.,5월 20일 PM 1:11,13:11,1.0
926901840,comment,Kitchen B1,중식1코너들기름메밀막국수는품절되었습니다.,5월 17일 PM 1:32,13:32,1.0
926901839,comment,Kitchen B1,석식1코스품절되었습니다,5월 16일 PM 7:55,19:55,1.0
926901833,comment,Kitchen B1,중식1코너로제파스타&닭다리구이는품절되었습니다.,5월 14일 PM 1:26,13:26,1.0
926901832,comment,Kitchen B1,석식1코스열무비빔국수품절되었습니다!,5월 13일 PM 7:42,19:42,1.0
926900839,comment,B1_Kitchen,1코너탄탄면품절되었습니다.,2022년 11월 10일,NaN,1.0
926901823,comment,kitchen B1,석식1코스고사리알리오오리오는품절되었습니다.,5월 8일 PM 7:52,19:52,1.0
926901821,comment,kitchen B1,석식1코스품절되었습니다.,5월 7일 PM 7:47,19:47,1.0
926901815,comment,Kitchen B1,1코스즉석떡볶이&치즈사리품절되었습니다.,5월 2일 PM 1:45,13:45,1.0
926901548,comment,Kitchen B1,1코스탄탄면은품절되었습니다,12월 4일 PM 7:46,19:46,1.0
926901547,comment,Kitchen B1,중식1코스버섯소불고기품절되었습니다.,12월 4일 PM 1:42,13:42,1.0
926901578,comment,Kitchen B1,중식1코스바지락순두부찌개품절되었습니다.,12월 21일 PM 1:49,13:49,1.0
926901366,comment,Kitchen B1,1코너통마늘돼지불백품절되었습니다.,2023년 8월 22일,NaN,1.0
926901307,comment,Kitchen B1,석식1코너느타리버섯무밥은품절되었습니다.,2023년 7월 20일,NaN,1.0
926901308,comment,Kitchen B1,중식1코너철판오징어볶음은품절되었습니다.,2023년 7월 21일,NaN,1.0
926901314,comment,Kitchen B1,석식1코스순대국밥품절되었습니다,2023년 7월 24일,NaN,1.0
926901107,comment,Kitchen B1,석식1코너우렁된장찌개품절되었습니다.,2023년 3월 29일,NaN,1.0
926901318,comment,Kitchen B1,중식1코너불고기퀘사디아는품절되었습니다.,2023년 7월 26일,NaN,1.0
926901106,comment,Kitchen B1,1코너뼈없는감자탕품절되었습니다.,2023년 3월 29일,NaN,1.0
926901322,comment,Kitchen B1,석식1코너취나물영양밥은품절되었습니다.,2023년 7월 27일,NaN,1.0
926901323,comment,Kitchen B1,1코너열무김치비빔국수품절되었습니다.,2023년 7월 28일,NaN,1.0
926901328,comment,Kitchen B1,1코너짜글이김치찌개품절되었습니다,2023년 8월 1일,NaN,1.0
926901328,comment,Kitchen B1,1코너품절로추가찬잡채가제공되었습니다.,2023년 8월 1일,NaN,1.0
926901328,comment,Kitchen B1,1코너품절로2코너에서추가찬잡채->연근조림이제공됩니다.,2023년 8월 1일,NaN,1.0
926901329,comment,Kitchen B1,1코너동태지리탕품절되었습니다,2023년 8월 1일,NaN,1.0
926901102,comment,Kitchen B1,1코너사천식자장면품절되었습니다.,2023년 3월 27일,NaN,1.0
926901095,comment,Kitchen B1,1코너고등어구이품절되었습니다.,2023년 3월 23일,NaN,1.0
926901334,comment,Kitchen B1,중식1코너육감쫄면은품절되었습니다.,2023년 8월 4일,NaN,1.0
926901339,comment,Kitchen B1,중식1코너우육탕면은품절되었습니다.,2023년 8월 8일,NaN,1.0
926901347,comment,Kitchen B1,중식1코너물냉면은품절되었습니다.,2023년 8월 11일,NaN,1.0
926901387,comment,Kitchen B1,중식1코너는품절되었습니다.,2023년 9월 4일,NaN,1.0
926901383,comment,Kitchen B1,석식1코너철판백순대볶음은품절되었습니다.,2023년 8월 31일,NaN,1.0
926901380,comment,Kitchen B1,중식1코스매콤제육볶음은품절되었습니다.,2023년 8월 30일,NaN,1.0
926901379,comment,Kitchen B1,석식1코너버섯소불고기는품절되었습니다.,2023년 8월 29일,NaN,1.0
926901376,comment,Kitchen B1,중식1코너누룽지봉추찜닭은품절되었습니다.,2023년 8월 28일,NaN,1.0
926901080,comment,Kitchen B1,중식1코너돼지양념구이*구운양파품절되었습니다.,2023년 3월 16일,NaN,1.0
926901306,comment,Kitchen B1,중식1코스70.1%메밀냉소바품절되었습니다,2023년 7월 20일,NaN,1.0
926901368,comment,Kitchen B1,석식1코너장터국밥은품절되었습니다.,2023년 8월 23일,NaN,1.0
926901083,comment,Kitchen B1,3월17일1코너순두부찌개품절되었습니다.,2023년 3월 17일,NaN,1.0
926901363,comment,Kitchen B1,중식1코너고추장삼겹살구이는품절되었습니다.,2023년 8월 21일,NaN,1.0
926901359,comment,Kitchen B1,석식1코너뼈없는닭갈비는품절되었습니다.,2023년 8월 17일,NaN,1.0
926901357,comment,Kitchen B1,중식1코스돈목살김치찜품절되었습니다.,2023년 8월 17일,NaN,1.0
926901091,comment,Kitchen B1,1코너명란크림파스타품절되었습니다.,2023년 3월 21일,NaN,1.0
926901092,comment,Kitchen B1,1코너육감쫄면이품절되었습니다.,2023년 3월 22일,NaN,1.0
926901543,comment,Kitchen B1,1코스자장면품절되었습니다.1코스품절로2코스추가찬연근조림제공됩니다.,2023년 12월 1일,NaN,1.0
926901305,comment,Kitchen B1,석식1코너통마늘돼지불백은품절되었습니다.,2023년 7월 19일,NaN,1.0
926901108,comment,Kitchen B1,중식1코너잔치국수품절되었습니다.,2023년 3월 30일,NaN,1.0
926901300,comment,Kitchen B1,1코너고갈비구이품절되었습니다,2023년 7월 18일,NaN,1.0
926901141,comment,Kitchen B1,중식1코너치즈부대찌개는품절되었습니다.,2023년 4월 17일,NaN,1.0
926901221,comment,Kitchen B1,석식1코너뼈없는닭갈비품절되었습니다.,2023년 6월 1일,NaN,1.0
926901144,comment,Kitchen B1,중식1코스통마늘돼지불백품절되었습니다.,2023년 4월 18일,NaN,1.0
926901145,comment,Kitchen B1,석식1코너양지탕품절되었습니다.,2023년 4월 18일,NaN,1.0
926901151,comment,Kitchen B1,1코너자반고등어구이품절되었습니다,2023년 4월 20일,NaN,1.0
926901212,comment,Kitchen B1,중식1코너누룽지봉추찜닭은품절되었습니다.추가찬2코너고구마샐러드가제공됩니다.,2023년 5월 26일,NaN,1.0
926901231,comment,Kitchen B1,중식1코너계림닭볶음탕은품절되었습니다.,2023년 6월 9일,NaN,1.0
926901207,comment,Kitchen B1,중식1코스소고기미역국품절되었습니다.,2023년 5월 24일,NaN,1.0
926901157,comment,Kitchen B1,1코너설렁탕품절되었습니다.,2023년 4월 24일,NaN,1.0
926901188,comment,Kitchen B1,1코너참치김치찌개품절되었습니다,2023년 5월 15일,NaN,1.0
926901184,comment,Kitchen B1,중식1코너잔치국수품절되었습니다.,2023년 5월 12일,NaN,1.0
926901161,comment,Kitchen B1,중식1코너닭보쌈품절되었습니다.,2023년 4월 26일,NaN,1.0
926901179,comment,Kitchen B1,1코너순대국밥품절되었습니다,2023년 5월 9일,NaN,1.0
926901178,comment,Kitchen B1,중식1코너우육탕면품절되었습니다.,2023년 5월 9일,NaN,1.0
926901193,comment,Kitchen B1,중식1코스분짜플레터품절되었습니다,2023년 5월 17일,NaN,1.0
926901388,comment,Kitchen B1,석식1코너는품절되었습니다.,2023년 9월 4일,NaN,1.0
926901234,comment,Kitchen B1,중식1코너차돌부추돌솥밥은품절되었습니다.중식2코너투움바리조또&닭다리구이->투움바리조또블랙페퍼닭가슴살구이로변경되었습니다.,2023년 6월 12일,NaN,1.0
926901128,comment,Kitchen B1,석식1코너순두부찌개는품절되었습니다.,2023년 4월 10일,NaN,1.0
926901299,comment,Kitchen B1,석식1코너계림닭볶음탕은품절되었습니다.,2023년 7월 17일,NaN,1.0
926901296,comment,Kitchen B1,1코너베테랑칼국수품절되었습니다,2023년 7월 17일,NaN,1.0
926901293,comment,Kitchen B1,중식1코너뚝배기김치우동은품절되었습니다.,2023년 7월 14일,NaN,1.0
926901110,comment,Kitchen B1,1코너콘치즈닭갈비품절되었습니다.,2023년 3월 31일,NaN,1.0
926901285,comment,Kitchen B1,석식1코너뼈없는감자탕은품절되었습니다.,2023년 7월 10일,NaN,1.0
926901281,comment,Kitchen B1,중식1코너꼬막영양밥은품절되었습니다.,2023년 7월 7일,NaN,1.0
926901133,comment,Kitchen B1,중식1코너돈육김치두루치기품절되었습니다.,2023년 4월 12일,NaN,1.0
926901277,comment,Kitchen B1,중식1코너치즈부대전골은품절되었습니다.,2023년 7월 5일,NaN,1.0
926901274,comment,Kitchen B1,1코너누룽지봉추찜닭품절되었습니다,2023년 7월 3일,NaN,1.0
926901268,comment,Kitchen B1,중식1코너참치김치찌개는품절되었습니다.,2023년 6월 30일,NaN,1.0
926901121,comment,Kitchen B1,1코너미나리불고기품절되었습니다,2023년 4월 6일,NaN,1.0
926901264,comment,Kitchen B1,중식1코너차돌된장찌개품절되었습니다.,2023년 6월 28일,NaN,1.0
926901127,comment,Kitchen B1,1코너사골우거지탕품절되었습니다,2023년 4월 10일,NaN,1.0
926901262,comment,Kitchen B1,1코너고사리오일파스타품절되었습니다,2023년 6월 27일,NaN,1.0
926901119,comment,Kitchen B1,4월5일중식1코너고사리오일파스타품절되었습니다.,2023년 4월 5일,NaN,1.0
926901075,comment,Kitchen B1,석식1코너통마늘돼지불백품절되었습니다.,2023년 3월 14일,NaN,1.0
926900780,comment,B1_Kitchen,"요거트->누네띠네,오미자차로변경되었습니다.1코너품절되었습니다.",2022년 10월 11일,NaN,1.0
926901036,comment,Kitchen B1,1코너삼겹살김치찌개품절되었습니다,2023년 2월 21일,NaN,1.0
926900992,comment,kitchen_B1,1코너돈육김치찌개품절되었습니다.,2023년 1월 30일,NaN,1.0
926900993,comment,kitchen_B1,1코너춘천닭갈비품절되었습니다.,2023년 1월 30일,NaN,1.0
926901474,comment,Kitchen B1,석식1코너돈육콩나물두루치기는품절되었습니다.,2023년 10월 24일,NaN,1.0
926901495,comment,kitchen B1,1코스치즈부대찌개품절되었습니다.,2023년 11월 7일,NaN,1.0
926901028,comment,kitchen_B1,1코너콩비지찌개품절되었습니다.,2023년 2월 17일,NaN,1.0
926901437,comment,Kitchen B1,중식1코너경상도소고기무국은품절되었습니다.,2023년 9월 27일,NaN,1.0
926901440,comment,Kitchen B1,1코너토마토파스타&그릴함박품절되었습니다.,2023년 10월 5일,NaN,1.0
926901006,comment,kitchen_B1,1코너사골우거지탕품절되었습니다.,2023년 2월 6일,NaN,1.0
926901019,comment,kitchen_B1,1코너꼬치어묵잔치국수품절되었습니다.,2023년 2월 14일,NaN,1.0
926901435,comment,Kitchen B1,중식1코너잔치국수는품절되었습니다.,2023년 9월 26일,NaN,1.0
926901441,comment,Kitchen B1,석식1코너돈육고추장불고기는품절되었습니다.,2023년 10월 5일,NaN,1.0
926901025,comment,kitchen_B1,1코너달래알리오올리오파스타품절되었습니다,2023년 2월 16일,NaN,1.0
926901446,comment,Kitchen B1,석식1코너부타야끼소바는품절되었습니다.,2023년 10월 10일,NaN,1.0
926901503,comment,Kitchen B1,1코스품절로2코스추가찬순두부샐러드제공됩니다.,2023년 11월 10일,NaN,1.0
926901393,comment,Kitchen B1,중식1코너치즈부대전골은품절되었습니다.,2023년 9월 7일,NaN,1.0
926901450,comment,Kitchen B1,석식1코너는품절되었습니다.,2023년 10월 12일,NaN,1.0
926901496,comment,Kitchen B1,석식1코너바지락칼제비는품절되었습니다.,2023년 11월 7일,NaN,1.0
926901459,comment,Kitchen B1,석식1코스계란한알쫄면품절되었습니다,2023년 10월 17일,NaN,1.0
926901503,comment,Kitchen B1,1코스뚝배기날치알밥품절되었습니다.,2023년 11월 10일,NaN,1.0
926901023,comment,kitchen_B1,1코너봉추찜닭(+누룽지)품절되었습니다.,2023년 2월 15일,NaN,1.0
926901442,comment,Kitchen B1,중식1코너돈코츠라멘은품절되었습니다.,2023년 10월 6일,NaN,1.0
926901046,comment,Kitchen B1,1코너만두순두부찌개품절되었습니다,2023년 2월 27일,NaN,1.0
926901499,comment,Kitchen B1,석식1코너닭개장은품절되었습니다.,2023년 11월 8일,NaN,1.0
926901478,comment,Kitchen B1,석식1코너뼈없는닭갈비는품절되었습니다.,2023년 10월 26일,NaN,1.0
926901401,comment,Kitchen B1,중식1코너순대국밥은품절되었습니다.,2023년 9월 12일,NaN,1.0
926901484,comment,Kitchen B1,중식1코너품절되었습니다.,2023년 10월 31일,NaN,1.0
926901482,comment,Kitchen B1,1코너품절되었습니다.,2023년 10월 30일,NaN,1.0
926901405,comment,Kitchen B1,석식1코너고등어무조림은품절되었습니다.,2023년 9월 13일,NaN,1.0
926901490,comment,Kitchen B1,중식1코스매콤닭두루치기&파채품절되었습니다.,2023년 11월 3일,NaN,1.0
926901062,comment,Kitchen B1,1코너닭보쌈품절되었습니다.,2023년 3월 8일,NaN,1.0
926901525,comment,Kitchen B1,중식1코스매콤제육볶음은품절되었습니다.,2023년 11월 22일,NaN,1.0
926901488,comment,Kitchen B1,중식1코너차돌짬뽕은품절되었습니다.,2023년 11월 2일,NaN,1.0
926901485,comment,Kitchen B1,석식1코너나주곰탕은품절되었습니다.,2023년 10월 31일,NaN,1.0
926901538,comment,Kitchen B1,중식1코스유부쑥갓잔치국수품절되었습니다,2023년 11월 29일,NaN,1.0
926901419,comment,Kitchen B1,중식1코너베이컨크림리조또는품절되었습니다.,2023년 9월 19일,NaN,1.0
926901476,comment,Kitchen B1,석식1코너동태지리탕은품절되었습니다.,2023년 10월 25일,NaN,1.0
926901060,comment,Kitchen B1,1코너불고기크림파스타가품절되었습니다.,2023년 3월 7일,NaN,1.0
926901059,comment,Kitchen B1,1코너돈육버섯불고기품절되었습니다,2023년 3월 6일,NaN,1.0
926901424,comment,Kitchen B1,중식1코스순두부찌개품절되었습니다,2023년 9월 21일,NaN,1.0
926901527,comment,Kitchen B1,석식1코너동태매운탕은품절되었습니다.,2023년 11월 22일,NaN,1.0
926901425,comment,Kitchen B1,1코스뼈없는닭갈비품절되었습니다.,2023년 9월 21일,NaN,1.0
926901058,comment,Kitchen B1,1코너돼지김치짜글이찌개품절되었습니다,2023년 3월 6일,NaN,1.0
926901411,comment,Kitchen B1,중식1코스계림닭볶음탕은품절되었습니다.,2023년 9월 18일,NaN,1.0
926900792,comment,B1_Kitchen,2코너팟카파오무쌉품절되었습니다.,2022년 10월 18일,NaN,2.0
926900961,comment,kitchen_B1,2코너어묵튀김떡볶이품절되었습니다.,2023년 1월 12일,NaN,2.0
926900958,comment,Kitchen B1,2코너가츠동돈부리품절되었습니다,2023년 1월 11일,NaN,2.0
926901120,comment,Kitchen B1,석식2코너일식커리&멘치까스는품절되었습니다.,4월 5일 PM 7:44,19:44,2.0
926900901,comment,원지연,2코너분짜플래터품절되었습니다.,2022년 12월 14일,NaN,2.0
926900996,comment,Kitchen B1,2코너고추잡채덮밥품절되었습니다,2023년 2월 1일,NaN,2.0
926901134,comment,Kitchen B1,석식2코너오무하이라이스는품절되었습니다.,2023년 4월 12일,NaN,2.0
926901163,comment,Kitchen B1,석식2코너소고기샤브샤브는품절되었습니다.,2023년 4월 26일,NaN,2.0
926900984,comment,Kitchen B1,2코너옛날카레라이스품절되었습니다,2023년 1월 25일,NaN,2.0
926900978,comment,kitchen_B1,2코너참치김치볶음밥*계란프라이품절되었습니다.,2023년 1월 20일,NaN,2.0
926900986,comment,kitchen_B1,2코너XO볶음밥&자장소스품절되었습니다.,2023년 1월 26일,NaN,2.0
926900976,comment,Kitchen B1,2코너마파두부덮밥품절되었습니다,2023년 1월 19일,NaN,2.0
926900975,comment,kitchen_B1,2코너로제오므라이스&닭다리구이품절되었습니다.,2023년 1월 19일,NaN,2.0
926900785,comment,B1_Kitchen,2코너미트볼로제스파게티품절되었습니다.,2022년 10월 13일,NaN,2.0
926900988,comment,kitchen_B1,2코너뼈없는감자탕품절되었습니다.,2023년 1월 27일,NaN,2.0
926901152,comment,Kitchen B1,4월21일중식2코스라따뚜이오므라이스품절되었습니다.,2023년 4월 21일,NaN,2.0
926900994,comment,Kitchen B1,2코너규동숙주덮밥품절되었습니다,2023년 1월 31일,NaN,2.0
926900995,comment,Kitchen B1,2코너장터국밥품절되었습니다,2023년 1월 31일,NaN,2.0
926900786,comment,B1_Kitchen,2코너중화볶음밥&고추잡채품절되었습니다.,2022년 10월 14일,NaN,2.0
926901005,comment,Kitchen B1,2코너로제소스돈까스품절되었습니다,2023년 2월 6일,NaN,2.0
926901136,comment,Kitchen B1,석식2코너뉴욕칠리핫도그는품절되었습니다.,2023년 4월 13일,NaN,2.0
926900790,comment,B1_Kitchen,2코너구운계란카레라이스품절되었습니다.,2022년 10월 17일,NaN,2.0
926901130,comment,Kitchen B1,중식2코너대패삼겹김치찌개품절되었습니다.,2023년 4월 11일,NaN,2.0
926900799,comment,B1_Kitchen,2코너불맛치즈제육볶음품절되었습니다.,2022년 10월 21일,NaN,2.0
926900837,comment,원지연,2코스뚝배기파스타품절되었습니다.,2022년 11월 9일,NaN,2.0
926901117,comment,Kitchen B1,중식2코너치킨나시고랭은품절되었습니다.,2023년 4월 4일,NaN,2.0
926901094,comment,Kitchen B1,중식2코너반반커리*함박품절되었습니다.,2023년 3월 23일,NaN,2.0
926901093,comment,Kitchen B1,석식2코너부타동품절되었습니다.,2023년 3월 22일,NaN,2.0
926900864,comment,원지연,2코너뚝배기날치알밥품절되었습니다.,2022년 11월 24일,NaN,2.0
926900915,comment,Kitchen B1,2코너파이구판품절되었습니다,2022년 12월 21일,NaN,2.0
926900875,comment,원지연,2코너고추잡채덮밥품절되었습니다.,2022년 11월 29일,NaN,2.0
926900887,comment,원지연,2코너소고기미나리볶음밥품절되었습니다.,2022년 12월 6일,NaN,2.0
926900888,comment,원지연,2코너오므라이스품절되었습니다.,2022년 12월 7일,NaN,2.0
926901078,comment,Kitchen B1,2코너오야꼬동품절되었습니다.,2023년 3월 15일,NaN,2.0
926900891,comment,원지연,2코너가츠동돈부리품절되었습니다.,2022년 12월 8일,NaN,2.0
926901077,comment,Kitchen B1,중식2코너새우계란볶음밥&자장소스품절되었습니다.,2023년 3월 15일,NaN,2.0
926900912,comment,원지연,2코너경성함박스테이크품절되었습니다.,2022년 12월 19일,NaN,2.0
926901063,comment,Kitchen B1,2코너소고기된장찌개품절되었습니다,2023년 3월 8일,NaN,2.0
926900899,comment,원지연,2코너해물짬뽕탕품절되었습니다.,2022년 12월 13일,NaN,2.0
926901066,comment,Kitchen B1,2코너열무김치비빔밥품절되었습니다.,2023년 3월 10일,NaN,2.0
926901070,comment,Kitchen B1,2코너알리오올리오파스타품절되었습니다.,2023년 3월 13일,NaN,2.0
926900858,comment,원지연,2코너치즈돈까스품절되었습니다.,2022년 11월 21일,NaN,2.0
926900955,comment,Kitchen B1,2코너잠발라야볶음밥품절되었습니다,2023년 1월 9일,NaN,2.0
926900931,comment,원지연,2코너소고기할라피뇨볶음밥&계란프라이품절되었습니다.,2022년 12월 26일,NaN,2.0
926900848,comment,원지연,2코너사천식마파두부덮밥품절되었습니다.,2022년 11월 15일,NaN,2.0
926901115,comment,Kitchen B1,석식2코너불맛제육덮밥은품절되었습니다.,2023년 4월 3일,NaN,2.0
926901114,comment,Kitchen B1,2코너짬뽕전골품절되었습니다,2023년 4월 3일,NaN,2.0
926901008,comment,kitchen_B1,2코너청양풍닭볶음품절되었습니다.,2023년 2월 7일,NaN,2.0
926900827,comment,원지연,2코너-옛날카레라이스품절되었습니다.,2022년 11월 4일,NaN,2.0
926901012,comment,kitchen_B1,2코너부타동품절되었습니다.,2023년 2월 9일,NaN,2.0
926900949,comment,Kitchen B1,2코너소고기락두기볶음밥품절되었습니다,2023년 1월 5일,NaN,2.0
926901021,comment,kitchen_B1,2코너포크하이라이스&그릴소시지품절되었습니다,2023년 2월 14일,NaN,2.0
926900947,comment,kitchen_B1,2코너돼지양념구이품절되었습니다.,2023년 1월 4일,NaN,2.0
926900840,comment,원지연,2코너옛날추억의도시락품절되었습니다.,2022년 11월 10일,NaN,2.0
926900946,comment,kitchen_B1,2코너반반커리&소시지구이품절되었습니다.,2023년 1월 4일,NaN,2.0
926900938,comment,원지연,2코너겉절이비빔밥품절되었씁니다.,2022년 12월 30일,NaN,2.0
926901104,comment,Kitchen B1,중식2코너순살치즈치킨까스품절되었습니다.,2023년 3월 28일,NaN,2.0
926900845,comment,B1_Kitchen,2코너돈까스김치나베품절되었습니다.,2022년 11월 14일,NaN,2.0
926900937,comment,원지연,2코너오야꼬동품절되었습니다.,2022년 12월 29일,NaN,2.0
926901103,comment,Kitchen B1,2코너몽골리안치킨덮밥은품절되었습니다.,2023년 3월 27일,NaN,2.0
926900852,comment,B1_Kitchen,2코너뚝배기소불고기품절되었습니다.,2022년 11월 17일,NaN,2.0
926900982,comment,kitchen_B1,2코너돈까스김치나베품절되었습니다.,2023년 1월 25일,NaN,2.0
926901751,comment,kitchen B1,석식2코스잠발라야볶음밥은품절되었습니다,3월 26일 PM 7:33,19:33,2.0
926900759,comment,B1_Kitchen,2코너치킨코든블루품절되었습니다.,2022년 9월 29일,NaN,2.0
926901471,comment,Kitchen B1,2코스취나물영양밥*부추양념장은품절되었습니다.,2023년 10월 23일,NaN,2.0
926901464,comment,Kitchen B1,중식2코너순두부찌개는품절되었습니다.,2023년 10월 19일,NaN,2.0
926901457,comment,Kitchen B1,2코스포크하이라이스&그릴소시지는품절되었습니다,2023년 10월 17일,NaN,2.0
926901445,comment,Kitchen B1,중식2코너로제치킨까스&구운채소는품절되었습니다.,2023년 10월 10일,NaN,2.0
926901436,comment,Kitchen B1,2코스장조림버터비빔밥품절되었습니다,2023년 9월 26일,NaN,2.0
926901432,comment,Kitchen B1,석식2코너일식카레&가라아게튀김은품절되었습니다.,2023년 9월 25일,NaN,2.0
926901472,comment,Kitchen B1,중식2코너마파두부덮밥은품절되었습니다.,2023년 10월 24일,NaN,2.0
926901430,comment,Kitchen B1,중식2코너는품절되었습니다.동일메뉴1코너를이용해주세요~!,2023년 9월 25일,NaN,2.0
926901422,comment,Kitchen B1,석식2코너는품절되었습다.,2023년 9월 20일,NaN,2.0
926901421,comment,Kitchen B1,중식2코너돈까스김치나베는품절되었습니다.,2023년 9월 20일,NaN,2.0
926901407,comment,Kitchen B1,석식2코너참치캔생야채비빔밥은품절되었습니다.,2023년 9월 14일,NaN,2.0
926901400,comment,Kitchen B1,석식2코너짜글이김치찌개는품절되었습니다.,2023년 9월 11일,NaN,2.0
926901399,comment,Kitchen B1,중식2코너고추잡채덮밥은품절되었습니다.,2023년 9월 11일,NaN,2.0
926901390,comment,Kitchen B1,석식2코너산채들기름비빔밥은품절되었습니다.,2023년 9월 5일,NaN,2.0
926901426,comment,Kitchen B1,중식2코너돈목살김치찜은품절되었습니다.,2023년 9월 22일,NaN,2.0
926901479,comment,Kitchen B1,2코스고추장삼겹살*양파구이품절되었습니다,2023년 10월 27일,NaN,2.0
926901487,comment,Kitchen B1,석식2코너매콤국물떡볶이는품절되었습니다.,2023년 11월 1일,NaN,2.0
926901507,comment,Kitchen B1,석식2코너산채들기름비빔밥은품절되었습니다.,2023년 11월 13일,NaN,2.0
926901565,comment,Kitchen B1,석식2코너일식커리&새우튀김은품절되었습니다.,12월 13일 PM 7:43,19:43,2.0
926901563,comment,Kitchen B1,석식2코너고추잡채덮밥*꽃빵은품절되었습니다.,12월 12일 PM 7:48,19:48,2.0
926901562,comment,Kitchen B1,중식2코너눈꽃치즈돈까스는품절되었습니다.,12월 12일 PM 1:31,13:31,2.0
926901560,comment,kitchen B1,중식2코스소고기미나리볶음밥품절되었습니다.,12월 11일 PM 1:38,13:38,2.0
926901556,comment,Kitchen B1,석식2코스핫도그떡볶이품절되었습니다.,12월 7일 PM 7:56,19:56,2.0
926901553,comment,Kitchen B1,석식2코스산채들기름볶음밥&계란프라이품절되었습니다.,12월 6일 PM 7:46,19:46,2.0
926901541,comment,Kitchen B1,중식2코너품절되었습니다.,2023년 11월 30일,NaN,2.0
926901540,comment,Kitchen B1,석식2코스불고기할라피뇨볶음밥품절되었습니다.,2023년 11월 29일,NaN,2.0
926901530,comment,kitchen B1,석식2코스옛날카레라이스&함박품절되었습니다,2023년 11월 23일,NaN,2.0
926901528,comment,Kitchen B1,중식2코스곤드레영양밥*부추양념장품절되었습니다.,2023년 11월 23일,NaN,2.0
926901523,comment,Kitchen B1,중식2코스가츠동돈부리품절되었습니다.,2023년 11월 21일,NaN,2.0
926901518,comment,Kitchen B1,중식2코너는품절되었습니다.,2023년 11월 17일,NaN,2.0
926901517,comment,Kitchen B1,석식2코너햄마늘쫑볶음밥은품절되었습니다.,2023년 11월 16일,NaN,2.0
926901516,comment,Kitchen B1,중식2코스수프카레품절되었습니다.,2023년 11월 16일,NaN,2.0
926901510,comment,Kitchen B1,석식2코스바질크림떡볶이품절되었습니다,2023년 11월 14일,NaN,2.0
926901389,comment,Kitchen B1,중식2코너아몬드크럼블돈까스&구운채소품절되었습니다,2023년 9월 5일,NaN,2.0
926901575,comment,Kitchen B1,석식2코너나시고랭은품절되었습니다.,12월 19일 PM 7:52,19:52,2.0
926901382,comment,Kitchen B1,중식2코너는품절되었습니다.,2023년 8월 31일,NaN,2.0
926901369,comment,Kitchen B1,중식2코너하이라이스&멘치까스는품절되었습니다.,2023년 8월 24일,NaN,2.0
926901263,comment,Kitchen B1,석식2코너옛날카레라이스&새우튀김은품절되었습니다.,2023년 6월 27일,NaN,2.0
926901255,comment,Kitchen B1,석식2코너마파두부덮밥은품절되었습니다.,2023년 6월 22일,NaN,2.0
926901251,comment,Kitchen B1,석식2코너차돌깍두기볶음밥&계란프라이품절되었습니다.,2023년 6월 21일,NaN,2.0
926901249,comment,Kitchen B1,2코너삼색야끼도리덮밥품절되었습니다,2023년 6월 20일,NaN,2.0
926901243,comment,Kitchen B1,중식2코스고갈비구이품절되었습니다.,2023년 6월 16일,NaN,2.0
926901237,comment,Kitchen B1,중식2코스고추잡채덮밥&꽃빵품절되었습니다.,2023년 6월 13일,NaN,2.0
926901267,comment,Kitchen B1,2코너지파이버거품절되었습니다.,2023년 6월 29일,NaN,2.0
926901230,comment,Kitchen B1,석식2코너소고기할라피뇨볶음밥은품절되었습니다.,2023년 6월 8일,NaN,2.0
926901216,comment,Kitchen B1,석식2코너옛날카레라이스&구운소시지품절되었습니다.,2023년 5월 30일,NaN,2.0
926901215,comment,Kitchen B1,2코너치킨가라아게덮밥품절되었습니다,2023년 5월 30일,NaN,2.0
926901196,comment,Kitchen B1,석식2코너시래기두루치기덮밥은품절되었습니다.,2023년 5월 18일,NaN,2.0
926901189,comment,Kitchen B1,2코너소불고기솥밥품절되었습니다.,2023년 5월 16일,NaN,2.0
926901181,comment,Kitchen B1,석식2코너가쓰오해물나시고랭은품절되었습니다.,2023년 5월 10일,NaN,2.0
926901173,comment,Kitchen B1,중식2코너새우볶음밥&자장소스는품절되었습니다.,2023년 5월 4일,NaN,2.0
926901218,comment,Kitchen B1,2코너토마토리조또품절되었습니다.,2023년 5월 31일,NaN,2.0
926901273,comment,Kitchen B1,중식2코스멜팅치즈돈까스&구운채소품절되었습니다,2023년 7월 3일,NaN,2.0
926901275,comment,Kitchen B1,중식2코너오징어볶음덮밥&깻잎상추채는품절되었습니다.,2023년 7월 4일,NaN,2.0
926901276,comment,Kitchen B1,석식2코너산채보리비빔밥은품절되었습니다.,2023년 7월 4일,NaN,2.0
926901364,comment,Kitchen B1,2코너장조림버터비빔밥품절되었습니다,2023년 8월 21일,NaN,2.0
926901356,comment,Kitchen B1,석식2코너육개장은품절되었습니다.,2023년 8월 16일,NaN,2.0
926901350,comment,Kitchen B1,중식2코너멜팅치즈돈까스는품절되었습니다.,2023년 8월 14일,NaN,2.0
926901344,comment,Kitchen B1,중식2코너치즈부대전골&라면사리는품절되었습니다.,2023년 8월 10일,NaN,2.0
926901343,comment,Kitchen B1,석식2코너산채들기름볶음밥은품절되었습니다.,2023년 8월 9일,NaN,2.0
926901332,comment,Kitchen B1,중식2코스경양식돈까스&고구마사라다품절되었습니다,2023년 8월 3일,NaN,2.0
926901331,comment,Kitchen B1,2코스핫도그떡볶이품절되었습니다.,2023년 8월 2일,NaN,2.0
926901326,comment,Kitchen B1,2코너베이컨갈릭볶음밥품절되었습니다,2023년 7월 31일,NaN,2.0
926901321,comment,Kitchen B1,중식2코너마파두부덮밥은품절되었습니다.,2023년 7월 27일,NaN,2.0
926901318,comment,Kitchen B1,2코너무쌈이품절되어깻잎지제공됩니다,2023년 7월 26일,NaN,2.0
926901317,comment,Kitchen B1,석식2코너가츠동돈부리는품절되었습니다.,2023년 7월 25일,NaN,2.0
926901303,comment,Kitchen B1,중식2코스잠발라야볶음밥&닭다리구이품절되었습니다,2023년 7월 19일,NaN,2.0
926901290,comment,Kitchen B1,석식2코너열무돈육덮밥은품절되었습니다.,2023년 7월 12일,NaN,2.0
926901284,comment,Kitchen B1,중식2코너일식커리&소시지구이는품절되었습니다.,2023년 7월 10일,NaN,2.0
926901280,comment,Kitchen B1,석식2코너장조림버터비빔밥은품절되었습니다.,2023년 7월 6일,NaN,2.0
926901377,comment,Kitchen B1,석식2코너가츠동돈부리는품절되었습니다.,2023년 8월 28일,NaN,2.0
926901587,comment,Kitchen B1,중식2코스품절되었습니다.,12월 26일 PM 1:54,13:54,2.0
926901588,comment,Kitchen B1,석식2코스품절되었습니다.,12월 26일 PM 7:52,19:52,2.0
926901590,comment,Kitchen B1,석식2코너뚝배기해물누룽지탕은품절되었습니다.,12월 27일 PM 7:32,19:32,2.0
926901827,comment,kitchen B1,중식2코스부타동은품절되었습니다,5월 10일 PM 1:21,13:21,2.0
926901826,comment,Kitchen B1,석식2코너장조림버터비빔밥은품절되었습니다.,5월 9일 PM 7:35,19:35,2.0
926901813,comment,kitchen B1,석식2코너베이컨갈릭볶음밥은품절되었습니다.,4월 30일 PM 7:45,19:45,2.0
926901812,comment,Kitchen B1,중식2코스돼지양념구이는품절되었습니다.,4월 30일 PM 1:44,13:44,2.0
926901811,comment,kitchen B1,석식2코스청경채굴소스고기덮밥은품절되었습니다,4월 29일 PM 7:41,19:41,2.0
926901798,comment,Kitchen B1,석식2코너우삼겹할라피뇨볶음밥은품절되었습니다.,4월 22일 PM 7:58,19:58,2.0
926901835,comment,kitchen B1,석식2코스나시고랭볶음밥은품절되었습니다,5월 14일 PM 7:33,19:33,2.0
926901794,comment,Kitchen B1,2코너품절되었습니다.1코너추가찬양념깻잎지제공됩니다.,4월 19일 PM 1:12,13:12,2.0
926901794,comment,Kitchen B1,중식2코스미니새송이초절임품절로유자단무지채제공됩니다.,4월 19일 PM 12:36,12:36,2.0
926901793,comment,Kitchen B1,석식2코너산채나물비빔밥은품절되었습니다.,4월 18일 PM 7:35,19:35,2.0
926901790,comment,Kitchen B1,중식2코스품절되었습니다.,4월 17일 PM 1:50,13:50,2.0
926901785,comment,Kitchen B1,석식2코너품절되었습니다.,4월 15일 PM 7:46,19:46,2.0
926901784,comment,Kitchen B1,중식2코스품절되었습니다,4월 15일 PM 1:37,13:37,2.0
926901777,comment,Kitchen B1,중식2코스경양식돈까스&데미소스품절되었습니다.,4월 11일 PM 1:35,13:35,2.0
926901794,comment,Kitchen B1,중식2코스스틱마늘빵품절로감자튀김제공드립니다.,4월 19일 PM 1:11,13:11,2.0
926901845,comment,kitchen B1,중식2코스품절되었습니다.,5월 21일 PM 1:43,13:43,2.0
926901846,comment,Kitchen B1,석식2코너우삼겹깍두기볶음밥은품절되었습니다.,5월 21일 PM 7:49,19:49,2.0
926901847,comment,Kitchen B1,중식2코너품절되었습니다,5월 22일 PM 1:41,13:41,2.0
926900757,comment,B1_Kitchen,2코너오므라이스품절되었습니다.,2022년 9월 28일,NaN,2.0
926900746,comment,B1_Kitchen,2코너돌솥비빔밥품절되었습니다.,2022년 9월 22일,NaN,2.0
926900711,comment,B1_Kitchen,2코너차돌된장찌개품절되었습니다.,2022년 8월 31일,NaN,2.0
926900686,comment,B1_Kitchen,2코너황태해장국품절되었습니다.,2022년 8월 17일,NaN,2.0
926900638,comment,B1_Kitchen,2코너반반오므라이스품절되었습니다.,2022년 7월 22일,NaN,2.0
926900630,comment,Kitchen B1,2코너-가지덮밥품절되었습니다,2022년 7월 18일,NaN,2.0
926900619,comment,Kitchen B1,2코너-소고기미나리볶음밥품절입니다,2022년 7월 12일,NaN,2.0
926900602,comment,Kitchen B1,2코너-반반커리&새우튀김품절되었습니다,2022년 7월 4일,NaN,2.0
926900597,comment,B1_Kitchen,2코너햄김치볶음밥품절되었습니다.,2022년 7월 1일,NaN,2.0
926901861,comment,Kitchen B1,중식2코스베이컨갈릭볶음밥품절되었습니다,5월 30일 PM 1:33,13:33,2.0
926901860,comment,Kitchen B1,석식2코스품절되었습니다,5월 29일 PM 7:41,19:41,2.0
926901856,comment,kitchen B1,석식2코스야채듬뿍하이라이스는품절되었습니다.,5월 27일 PM 7:43,19:43,2.0
926901855,comment,Kitchen B1,중식2코스품절되었습니다,5월 27일 PM 1:39,13:39,2.0
926901851,comment,kitchen B1,석식2코스품절되었습니다.,5월 23일 PM 7:44,19:44,2.0
926901848,comment,Kitchen B1,석식2코너지파이버거는품절되었습니다.,5월 22일 PM 7:55,19:55,2.0
926901774,comment,Kitchen B1,석식2코너제육볶음은품절되었습니다.,4월 9일 PM 7:48,19:48,2.0
926901773,comment,Kitchen B1,중식2코스중국식볶음밥&자장소스가품절되었습니다,4월 9일 PM 1:30,13:30,2.0
926901165,comment,Kitchen B1,석식2코스옛날카레라이스&소시지구이품절되었습니다.,2023년 4월 27일,NaN,2.0
926901749,comment,kitchen B1,석식2코스품절되었습니다.,3월 25일 PM 7:42,19:42,2.0
926901644,comment,kitchen B1,중식2코스돼지양념구이는품절되었습니다.,1월 29일 PM 1:34,13:34,2.0
926901641,comment,Kitchen B1,중식2코너가츠동돈부리는품절되었습니다.,1월 26일 PM 1:07,13:07,2.0
926901640,comment,Kitchen B1,석식2코너오징어볶음덮밥은품절되었습니다.,1월 25일 PM 7:38,19:38,2.0
926901639,comment,kitchen B1,중식2코스왕갈비쌀국수는품절입니다,1월 25일 PM 1:29,13:29,2.0
926901634,comment,Kitchen B1,석식2코스스팸김치볶음밥은품절되었습니다.,1월 23일 PM 7:51,19:51,2.0
926901628,comment,Kitchen B1,중식2코스경양식오므라이스&그릴소세지품절되었습니다.,1월 19일 PM 1:31,13:31,2.0
926901626,comment,Kitchen B1,중식2코너는품절되었습니다.,1월 18일 PM 1:57,13:57,2.0
926901624,comment,Kitchen B1,석식2코스품절되었습니다.,1월 17일 PM 7:56,19:56,2.0
926901621,comment,kitchen B1,중식2코스우삼겹봄동겉절이비빔밥은품절되었습니다,1월 16일 PM 1:36,13:36,2.0
926901619,comment,Kitchen B1,중식2코스품절되었습니다.,1월 15일 PM 1:51,13:51,2.0
926901603,comment,Kitchen B1,중식2코스장조림버터비빔밥품절되었습니다,1월 5일 PM 1:42,13:42,2.0
926901602,comment,Kitchen B1,2코너불고기할라피뇨볶음밥품절되었습니다.,1월 4일 PM 7:44,19:44,2.0
926901598,comment,Kitchen B1,중식2코스마파두부덮밥품절되었습니다.,1월 2일 PM 7:55,19:55,2.0
926901597,comment,Kitchen B1,중식2코너멜팅치즈돈까스는품절되었습니다.,1월 2일 PM 1:43,13:43,2.0
926901593,comment,kitchen B1,석식2코너베이컨갈릭볶음밥은품절되었습니다.,12월 28일 PM 7:39,19:39,2.0
926901648,comment,Kitchen B1,중식2코스고추잡채덮밥품절되었습니다.,1월 31일 PM 1:31,13:31,2.0
926900767,comment,B1_Kitchen,2코너치즈김치볶음밥품절되었습니다.,2022년 10월 5일,NaN,2.0
926901653,comment,Kitchen B1,석식2코스훈제오리구이품절되었습니다.,2월 1일 PM 7:44,19:44,2.0
926901658,comment,Kitchen B1,석식2코스품절되었습니다.,2월 5일 PM 7:55,19:55,2.0
926901735,comment,Kitchen B1,중식2코너고구마치즈돈까스는품절되었습니다.,3월 19일 PM 1:35,13:35,2.0
926901734,comment,Kitchen B1,석식2코스품절되었습니다.,3월 18일 PM 7:57,19:57,2.0
926901722,comment,Kitchen B1,석식2코너품절되었습니다,3월 13일 PM 7:51,19:51,2.0
926901719,comment,Kitchen B1,석식2코너산채들기름볶음밥은품절되었습니다.,3월 12일 PM 7:56,19:56,2.0
926901716,comment,Kitchen B1,중식2코스조기품절로메뉴변경되어추가찬깻잎어묵전제공됩니다.,3월 11일 PM 1:14,13:14,2.0
926901707,comment,Kitchen B1,중식2코스품절되었습니다,3월 6일 PM 1:43,13:43,2.0
926901702,comment,Kitchen B1,중식2코스돈까스마요덮밥은품절되었습니다.,3월 4일 PM 1:53,13:53,2.0
926901696,comment,Kitchen B1,석식2코너삼치구이는품절되었습니다.,2월 27일 PM 7:49,19:49,2.0
926901694,comment,kitchen B1,석식2코스제육두루치기&두부숙회는품절되었습니다.,2월 26일 PM 7:44,19:44,2.0
926901693,comment,kitchen B1,중식2코스나시고랭볶음밥은품절되었습니다.,2월 26일 PM 1:33,13:33,2.0
926901690,comment,Kitchen B1,중식2코너품절되었습니다.,2월 23일 PM 1:32,13:32,2.0
926901680,comment,Kitchen B1,석식2코스품절되었습니다.,2월 19일 PM 7:37,19:37,2.0
926901675,comment,Kitchen B1,중식2코스간장닭불고기품절되었습니다,2월 16일 PM 1:48,13:48,2.0
926901663,comment,kitchen B1,"석식2코스옛날카레라이스는품절되었습니다,",2월 7일 PM 7:50,19:50,2.0
926901659,comment,Kitchen B1,중식2코너품절되었습니다.,2월 6일 PM 1:32,13:32,2.0
926901654,comment,kitchen B1,중식2코너뼈없는닭갈비품절로'고추장우삼겹볶음'으로메뉴변경되었습니다.,2월 2일 PM 1:42,13:42,2.0
926901166,comment,Kitchen B1,중식2코너돼지국밥품절되었습니다.,2023년 4월 28일,NaN,2.0
