post_no,day,day_of_week,meal_time,course_no,course,course_kcal,course_protein,course_na,soldout,soldout_time,is_soldout,first_menu_unpreproc,first_menu,menu_no,sim_menu,only_menu_2,only_menu_2_soldout,soldout_ratio,course_no_c,sim_menu_c,only_menu_2_c,only_menu_2_soldout_c,soldout_ratio_c
926901221,2023-06-01,Thursday,dinner,[1],"뼈없는닭갈비,잡곡밥,미역국,콩자반,무쌈&깻잎,모듬채소스틱&쌈장",726,28,1193.0,[1],,True,뼈없는닭갈비,닭갈비,2,5,5,3,0.6,[2],0,0,0,
926901221,2023-06-01,Thursday,dinner,[2],"불고기핫도그&감자*양파링튀김,마카로니콘치즈구이,오이피클,탄산음료",905,20,1350.0,,,False,불고기핫도그,불고기핫도그,2,0,0,0,,[1],5,5,3,0.6
926901226,2023-06-05,Monday,dinner,[1],"교자만두칼국수,미니열무보리비빔밥,녹두전*초간장,고추지무침",931,42,1211.0,,,False,교자만두칼국수,교자만두칼국수,2,2,2,1,,[2],8,7,3,0.42857142857142855
926901226,2023-06-05,Monday,dinner,[2],"돈육고추장볶음&파채,잡곡밥,아욱된장국,가지양념구이,치커리유자청무침",734,35,1347.0,,,False,돈육고추장볶음,돈육고추장볶음,2,8,7,3,0.42857142857142855,[1],2,2,1,
926901228,2023-06-07,Wednesday,dinner,[1],"취나물영양밥&부추양념장,청국장찌개,고등어반마리구이,파래김구이,오이깍둑무침",733,30,1373.0,,,False,취나물영양밥,취나물영양밥,2,3,3,0,0.0,[2],3,3,1,0.3333333333333333
926901228,2023-06-07,Wednesday,dinner,[2],"핫도그떡볶이,맑은유부국,참치마요덮밥,모듬튀김,한입단무지",923,38,1234.0,,,False,핫도그떡볶이,핫도그떡볶이,2,3,3,1,0.3333333333333333,[1],3,3,0,0.0
926901230,2023-06-08,Thursday,dinner,[1],"황태해장국,잡곡밥,매콤모듬장조림,고구마순들깨나물,브로콜리숙회&초고추장",723,39,1232.0,,,False,황태해장국,황태해장국,2,4,4,0,0.0,[2],7,7,2,0.2857142857142857
926901230,2023-06-08,Thursday,dinner,[2],"소고기할라피뇨볶음밥&계란프라이,미소시루,볼새우카츠&타르타르소스,우엉파프리카볶음",919,36,1158.0,[2],,True,소고기할라피뇨볶음밥,소고기할라피뇨볶음밥,2,7,7,2,0.2857142857142857,[1],4,4,0,0.0
926901235,2023-06-12,Monday,dinner,[1],"전주식콩나물국밥,잡곡밥,언양식불고기,감자채볶음,청경채겉절이",803,34,1167.0,,,False,전주식콩나물국밥,전주식콩나물국밥,2,12,10,1,0.1,[2],5,4,0,0.0
926901235,2023-06-12,Monday,dinner,[2],"장조림버터비빔밥,우동국물,통살새우까스&사우전S,마늘쫑무침",953,38,1351.0,,,False,장조림버터비빔밥,장조림버터비빔밥,2,5,4,0,0.0,[1],12,10,1,0.1
926901238,2023-06-13,Tuesday,dinner,[1],"명란크림파스타,콤비네이션피자,오이피클할라피뇨,탄산음료",950,34,1167.0,,,False,명란크림파스타,명란크림파스타,2,6,6,2,0.3333333333333333,[2],5,5,2,0.4
926901238,2023-06-13,Tuesday,dinner,[2],"뼈없는감자탕,잡곡밥,식물성런천미트*케첩,맛살브로콜리볶음,양파풋고추된장무침",957,38,1351.0,,,False,뼈없는감자탕,감자탕,2,5,5,2,0.4,[1],6,6,2,0.3333333333333333
926901240,2023-06-14,Wednesday,dinner,[1],"훈제오리볶음&양파구이,잡곡밥,아욱된장국,바싹김치전,무쌈&머스타드소스",857,30,1373.0,,,False,훈제오리볶음,훈제오리볶음,2,2,2,0,,[2],3,3,1,0.3333333333333333
926901240,2023-06-14,Wednesday,dinner,[2],"가츠동돈부리,어묵국,방울토마토보코치니치즈&발사믹D,단무지무침",941,38,1234.0,,,False,가츠동돈부리,가츠동돈부리,2,3,3,1,0.3333333333333333,[1],2,2,0,
926901242,2023-06-15,Thursday,dinner,[1],"철판백순대볶음&양념장,잡곡밥,미역국,미니새송이버섯간장조림,겨자채무침",902,23,1387.0,,,False,철판백순대볶음,철판백순대볶음,2,3,2,0,,[2],8,8,3,0.375
926901242,2023-06-15,Thursday,dinner,[2],"소고기우엉볶음밥,콩가루배추된장국,크리미어니언피쉬커틀릿,적채양배추절임",942,36,1238.0,,,False,소고기우엉볶음밥,소고기우엉볶음밥,2,8,8,3,0.375,[1],3,2,0,
926901247,2023-06-19,Monday,dinner,[1],"콩비지찌개,잡곡밥,계란말이,쥐어채땅콩볶음,참나물겉절이",882,63,1339.0,,,False,콩비지찌개,콩비지찌개,2,6,5,2,0.4,[2],4,4,2,0.5
926901247,2023-06-19,Monday,dinner,[2],"하이라이스&코코넛치즈돈까스,유부된장국,고구마샐러드,락교무침",968,36,1319.0,,,False,하이라이스,하이라이스,2,4,4,2,0.5,[1],6,5,2,0.4
926901249,2023-06-20,Tuesday,dinner,[1],"매실청돈육불고기,잡곡밥,콩나물국호박깻잎채전,도토리묵무침,양배추쌈&쌈장",881,36,1227.0,,,False,매실청돈육불고기,매실청돈육불고기,2,12,12,3,0.25,[2],2,2,0,
926901249,2023-06-20,Tuesday,dinner,[2],"삼색야끼도리덮밥,무채국,네기타코야끼,미니새송이파프리카볶음",934,57,1271.0,[2],,True,삼색야끼도리덮밥,삼색야끼도리덮밥,2,2,2,0,,[1],12,12,3,0.25
926901251,2023-06-21,Wednesday,dinner,[1],"떡만두국,잡곡밥,어니언떡갈비구이,열무나물,오이양파무침",891,27,1273.0,,,False,떡만두국,떡만두국,2,7,5,1,0.2,[2],4,3,1,0.3333333333333333
926901251,2023-06-21,Wednesday,dinner,[2],"차돌깍두기볶음밥&계란프라이,맑은팽이버섯국,궁중떡볶이,치커리유자청무침",896,35,1227.0,[2],,True,차돌깍두기볶음밥,차돌깍두기볶음밥,2,4,3,1,0.3333333333333333,[1],7,5,1,0.2
926901255,2023-06-22,Thursday,dinner,[1],"느타리버섯무밥*양념장,돈육고추장찌개,조기한마리구이,가지나물,깻잎지무침",668,34,1327.0,,,False,느타리버섯무밥,느타리버섯무밥,2,1,1,0,,[2],5,5,1,0.2
926901255,2023-06-22,Thursday,dinner,[2],"마파두부덮밥,계란파국,후르츠탕수육,양장피겨자냉채",981,55,1100.0,[2],,True,마파두부덮밥,마파두부덮밥,2,5,5,1,0.2,[1],1,1,0,
926901263,2023-06-27,Tuesday,dinner,[1],"장터국밥,잡곡밥,계란말이,우엉파프리카조림.고들빼기무침",939,51,1219.0,,,False,장터국밥,장터국밥,2,17,14,4,0.2857142857142857,[2],13,11,6,0.5454545454545454
926901263,2023-06-27,Tuesday,dinner,[2],"옛날카레라이스&새우튀김,우동국물,토마토순두부샐러드,락교무침",725,21,1060.0,[2],,True,옛날카레라이스,옛날카레라이스,2,13,11,6,0.5454545454545454,[1],17,14,4,0.2857142857142857
926901267,2023-06-29,Thursday,dinner,[1],"사골우거지탕,잡곡밥,모듬장조림,구운가지&양념장,건파래자반",756,41,1292.0,,,False,사골우거지탕,사골우거지탕,2,4,3,2,0.6666666666666666,[2],1,1,0,
926901267,2023-06-29,Thursday,dinner,[2],"지파이버거&알새우칩,오지치즈프라이&케첩소스,오이피클,탄산음료",988,31,1126.0,[2],,True,지파이버거,지파이버거,2,1,1,0,,[1],4,3,2,0.6666666666666666
926901274,2023-07-03,Monday,dinner,[1],"누룽지봉추찜닭,잡곡밥,유채된장국,비엔나소시지볶음,청포묵김가루무침",902,40,1356.0,[1],,True,누룽지봉추찜닭,누룽지봉추찜닭,2,5,5,2,0.4,[2],5,5,1,0.2
926901274,2023-07-03,Monday,dinner,[2],"가쓰오해물나시고랭,쌀국수국물,모듬춘권&칠리S,양파레몬초절임",985,42,1350.0,,,False,가쓰오해물나시고랭,가쓰오해물나시고랭,2,5,5,1,0.2,[1],5,5,2,0.4
926901276,2023-07-04,Tuesday,dinner,[1],"마라탕면,쌀밥(소),꿔바로우,짜사이무침",1054,51,1219.0,,,False,마라탕면,마라탕면,2,0,0,0,,[2],4,3,0,0.0
926901276,2023-07-04,Tuesday,dinner,[2],"산채보리비빔밥*계란후라이,청국장찌개,너비아니구이,브로콜리통마늘볶음,비빔고추장",930,21,1060.0,[2],,True,산채보리비빔밥,산채보리비빔밥,2,4,3,0,0.0,[1],0,0,0,
926901278,2023-07-05,Wednesday,dinner,[1],"순두부찌개,잡곡밥,동그랑땡조림,쥐어채볶음,청경채겉절이",847,32,1282.0,,,False,순두부찌개,순두부찌개,2,6,5,3,0.6,[2],2,2,2,
926901278,2023-07-05,Wednesday,dinner,[2],"새우볶음밥&자장소스,채소짬뽕국,깐풍기,한입단무지",766,20,1167.0,,,False,새우볶음밥,새우볶음밥,2,2,2,2,,[1],6,5,3,0.6
926901280,2023-07-06,Thursday,dinner,[1],"동태매운탕,잡곡밥,오징어초무침,메추리알장조림,호박새우젓복음",770,41,1292.0,,,False,동태매운탕,동태매운탕,2,4,4,0,0.0,[2],5,4,0,0.0
926901280,2023-07-06,Thursday,dinner,[2],"장조림버터비빔밥,감자양파국,코코넛연어치즈까스&타르타르소스,궁채장아찌",894,31,1126.0,[2],,True,장조림버터비빔밥,장조림버터비빔밥,2,5,4,0,0.0,[1],4,4,0,0.0
926901285,2023-07-10,Monday,dinner,[1],"뼈없는감자탕,잡곡밥,호박채전,멸치견과류볶음,풋고추양파된장무침",915,44,1260.0,[1],,True,뼈없는감자탕,감자탕,2,5,5,2,0.4,[2],9,8,2,0.25
926901285,2023-07-10,Monday,dinner,[2],"소불고기달걀덮밥,맑은유부국,세서미두부카츠&데리야끼소스,오복지무침",984,35,1211.0,,,False,소불고기달걀덮밥,소불고기달걀덮밥,2,9,8,2,0.25,[1],5,5,2,0.4
926901288,2023-07-11,Tuesday,dinner,[1],"철판백순대볶음,잡곡밥,김치수제비국,두부브로콜리무침,무쌈*순대양념장",928,22,1358.0,,,False,철판백순대볶음,철판백순대볶음,2,4,3,0,0.0,[2],1,1,1,
926901288,2023-07-11,Tuesday,dinner,[2],"뉴욕칠리핫도그,웨지감자튀김&케첩소스,마카로니콘치즈구이,오이피클,탄산음료",1014,20,1230.0,,,False,뉴욕칠리핫도그,뉴욕칠리핫도그,2,1,1,1,,[1],4,3,0,0.0
926901292,2023-07-13,Thursday,dinner,[1],"묵은지닭두루치기,잡곡밥,오이냉국,탕평채,시래기지짐",940,35,1268.0,,,False,묵은지닭두루치기,묵은지닭두루치기,2,0,0,0,,[2],3,3,0,0.0
926901292,2023-07-13,Thursday,dinner,[2],"베이컨바질크림떡볶이,우동국물,미니김치볶음밥,모듬튀김(통살오징어,김말이튀김),한입단무지",1060,39,1010.0,,,False,베이컨바질크림떡볶이,베이컨바질크림떡볶이,2,3,3,0,0.0,[1],0,0,0,
926901299,2023-07-17,Monday,dinner,[1],"계림닭볶음탕,잡곡밥,다시마무채국,두부구이*양념장,숙주나물",906,54,1112.0,[1],,True,계림닭볶음탕,계림닭볶음탕,2,8,7,1,0.14285714285714285,[2],4,4,2,0.5
926901299,2023-07-17,Monday,dinner,[2],"하이라이스&미니함박,우동국물,고로케*칠리소스,무말랭이무침",980,33,1220.0,,,False,하이라이스,하이라이스,2,4,4,2,0.5,[1],8,7,1,0.14285714285714285
926901301,2023-07-18,Tuesday,dinner,[1],"알리오올리오파스타,크로엣지피자(스위트애플크럼블),치킨텐더&머스타드소스,오이피클,탄산음료",937,34,1118.0,,,False,알리오올리오파스타,알리오올리오파스타,2,2,2,2,,[2],4,3,0,0.0
926901301,2023-07-18,Tuesday,dinner,[2],"육개장,잡곡밥,해물완자전,청포묵김가루무침,고들빼기무침",757,32,1212.0,,,False,육개장,육개장,2,4,3,0,0.0,[1],2,2,2,
926901307,2023-07-20,Thursday,dinner,[1],"느타리버섯무밥*양념장,시래기되비지찌개,언양식불고기,가지나물,오이깍둑무침",819,33,1061.0,[1],,True,느타리버섯무밥,느타리버섯무밥,2,2,2,0,,[2],7,6,2,0.3333333333333333
926901307,2023-07-20,Thursday,dinner,[2],"고추잡채덮밥&꽃빵,계란파국,후르츠탕수육,짜사이무침",977,56,1177.0,,,False,고추잡채덮밥,고추잡채덮밥,2,7,6,2,0.3333333333333333,[1],2,2,0,
926901314,2023-07-24,Monday,dinner,[1],"순대국밥,잡곡밥,호박채전.견과멸치볶음,풋고추양파된장무침",851,29,1299.0,[1],,True,순대국밥,순대국밥,2,7,6,2,0.3333333333333333,[2],12,11,2,0.18181818181818182
926901314,2023-07-24,Monday,dinner,[2],"소고기깍두기볶음밥&계란프라이,팽이버섯된장국,새우볼카츠&타르타르소스,부추겉절이",943,36,1101.0,,,False,소고기깍두기볶음밥,소고기깍두기볶음밥,2,12,11,2,0.18181818181818182,[1],7,6,2,0.3333333333333333
926901317,2023-07-25,Tuesday,dinner,[1],"김치돈육두루치기,잡곡밥,유채된장국,메추리알곤약장조림,미역줄기볶음",765,45,1101.0,,,False,김치돈육두루치기,김치돈육두루치기,2,2,2,0,,[2],3,3,0,0.0
926901317,2023-07-25,Tuesday,dinner,[2],"가츠동돈부리,우동국물,방울토마토보코치니치즈&발사믹D,락교&초생강",865,29,1181.0,[2],,True,가츠동돈부리,가츠동돈부리,2,3,3,0,0.0,[1],2,2,0,
926901319,2023-07-26,Wednesday,dinner,[1],"버섯불고기전골,잡곡밥,데리야끼미트볼조림,탕평채,고구마순나물",870,41,1292.0,,,False,버섯불고기전골,버섯불고기전골,2,1,1,0,,[2],4,4,1,0.25
926901319,2023-07-26,Wednesday,dinner,[2],"해물필라프,맑은유부국,오지치즈프라이,블루베리무피클",977,33,1057.0,,,False,해물필라프,해물필라프,2,4,4,1,0.25,[1],1,1,0,
926901322,2023-07-27,Thursday,dinner,[1],"취나물영양밥&부추양념장,청국장찌개,두절가자미구이,파프리카우엉채조림,건파래자반",819,27,796.0,[1],,True,취나물영양밥,취나물영양밥,2,4,4,0,0.0,[2],3,3,1,0.3333333333333333
926901322,2023-07-27,Thursday,dinner,[2],"아라비아따파스타,옥수수크림스프,빌소시지구이&구운채소*머스타드S,모듬채소피클",921,39,1002.0,,,False,아라비아따파스타,아라비아따파스타,2,3,3,1,0.3333333333333333,[1],4,4,0,0.0
926901327,2023-07-31,Monday,dinner,[1],"누룽지봉추찜닭,잡곡밥,두부김치국,숙주나물,청경채마늘볶음",917,66,1122.0,,,False,누룽지봉추찜닭,누룽지봉추찜닭,2,5,5,3,0.6,[2],5,5,1,0.2
926901327,2023-07-31,Monday,dinner,[2],"오징어볶음덮밥&김가루,수제비국,단호박부꾸미,맑은오이지무침",798,36,1101.0,,,False,오징어볶음덮밥,오징어볶음덮밥,2,5,5,1,0.2,[1],5,5,3,0.6
926901329,2023-08-01,Tuesday,dinner,[1],"동태지리탕,잡곡밥,식물성런천미트&케찹,느타리버섯볶음,반반콩자반",750,47,1218.0,[1],,True,동태지리탕,동태지리탕,2,5,5,0,0.0,[2],4,2,0,
926901329,2023-08-01,Tuesday,dinner,[2],"간장불고기묵채비빔밥,고추장찌개,세사미두부카츠,브로콜리흑임자무침,간장양념장",727,24,1124.0,,,False,간장불고기묵채비빔밥,간장불고기묵채비빔밥,2,4,2,0,,[1],5,5,0,0.0
926901331,2023-08-02,Wednesday,dinner,[1],"소고기샤브샤브*겨자장,잡곡밥,돈저냐구이*파채,무들깨나물,명엽채땅콩조림",797,39,1113.0,,,False,소고기샤브샤브,소고기샤브샤브,2,2,2,1,,[2],4,4,0,0.0
926901331,2023-08-02,Wednesday,dinner,[2],"핫도그떡볶이,맑은유부국,참치마요덮밥,순대찜,한입단무지",1002,33,1091.0,[2],,True,핫도그떡볶이,핫도그떡볶이,2,4,4,0,0.0,[1],2,2,1,
926901333,2023-08-03,Thursday,dinner,[1],"매콤콩나물두루치기,잡곡밥,감자양파국,비엔나소시지케첩조림,양배추쌈&쌈장",945,39,1197.0,,,False,매콤콩나물두루치기,매콤콩나물두루치기,2,0,0,0,,[2],9,9,1,0.1111111111111111
926901333,2023-08-03,Thursday,dinner,[2],"소고기할라피뇨볶음밥&계란프라이,다시마무채국,청파래오징어까스&타르타르S,삼색겨자채무침",858,31,1119.0,,,False,소고기할라피뇨볶음밥,소고기할라피뇨볶음밥,2,9,9,1,0.1111111111111111,[1],0,0,0,
926901340,2023-08-08,Tuesday,dinner,[1],"순두부찌개,잡곡밥,해물완자전,건새우마늘쫑볶음,무말랭이무침",750,36,1288.0,,,False,순두부찌개,순두부찌개,2,5,5,3,0.6,[2],3,3,2,0.6666666666666666
926901340,2023-08-08,Tuesday,dinner,[2],"치킨데리야끼덮밥,미소시루,야채튀김*초간장,꼬들유자단무지채",676,23,1204.0,,,False,치킨데리야끼덮밥,치킨데리야끼덮밥,2,3,3,2,0.6666666666666666,[1],5,5,3,0.6
926901343,2023-08-09,Wednesday,dinner,[1],"볼락한마리구이,잡곡밥,된장찌개,비엔나소시지볶음,시래기지짐",839,39,1015.0,,,False,볼락한마리구이,볼락한마리구이,2,0,0,0,,[2],3,2,0,
926901343,2023-08-09,Wednesday,dinner,[2],"산채들기름볶음밥&계란프라이,김치국,연어치즈까스&타르타르소스,우엉참깨무침,약고추장",996,43,1276.0,[2],,True,산채들기름볶음밥,산채들기름볶음밥,2,3,2,0,,[1],0,0,0,
926901352,2023-08-14,Monday,dinner,[1],"돈육생강장불고기,잡곡밥,두부김치국,마늘쫑무침,양배추쌈*쌈장",758,40,1051.0,,,False,돈육생강장불고기,돈육생강장불고기,2,7,7,1,0.14285714285714285,[2],6,5,1,0.2
926901352,2023-08-14,Monday,dinner,[2],"중화식버섯잡채덮밥,계란파국.군만두유린기,중화식오이무침",841,20,1220.0,,,False,중화식버섯잡채덮밥,중화식버섯잡채덮밥,2,6,5,1,0.2,[1],7,7,1,0.14285714285714285
926901356,2023-08-16,Wednesday,dinner,[1],"부타야끼소바,쌀밥(소),우동국물,모듬춘권,락교&초생강",980,43,1219.0,,,False,부타야끼소바,부타야끼소바,2,1,1,0,,[2],5,4,0,0.0
926901356,2023-08-16,Wednesday,dinner,[2],"육개장,잡곡밥,언양식불고기,우엉파프리카볶음,미역레몬초무침",777,31,1184.0,[2],,True,육개장,육개장,2,5,4,0,0.0,[1],1,1,0,
926901359,2023-08-17,Thursday,dinner,[1],"뼈없는닭갈비,잡곡밥,수제비국,미니새송이채소볶음,무쌈겨자채무침",916,36,1149.0,[1],,True,뼈없는닭갈비,닭갈비,2,5,5,2,0.4,[2],1,1,0,
926901359,2023-08-17,Thursday,dinner,[2],"햄마늘쫑볶음밥,팽이버섯장국,피쉬커틀릿&크리미어니언소스,오복지무침",879,36,1149.0,,,False,햄마늘쫑볶음밥,햄마늘쫑볶음밥,2,1,1,0,,[1],5,5,2,0.4
926901364,2023-08-21,Monday,dinner,[1],"황태미역국,잡곡밥,너비아니&파채,느타리버섯볶음,숙주나물무침",635,26,1088.0,,,False,황태미역국,황태미역국,2,10,9,1,0.1111111111111111,[2],6,5,1,0.2
926901364,2023-08-21,Monday,dinner,[2],"장조림버터비빔밥,맑은유부국,새우볼꼬치*타르타르소스,오복지무침",972,42,1225.0,[2],,True,장조림버터비빔밥,장조림버터비빔밥,2,6,5,1,0.2,[1],10,9,1,0.1111111111111111
926901366,2023-08-22,Tuesday,dinner,[1],"통마늘돼지불백,잡곡밥,수제비국,고구마순들깨나물,무말랭이무침",974,46,1230.0,[1],,True,통마늘돼지불백,통마늘돼지불백,2,8,7,3,0.42857142857142855,[2],5,5,1,0.2
926901366,2023-08-22,Tuesday,dinner,[2],"불닭마요덮밥,오이냉국,야채계란찜,브로콜리두부무침",962,57,1078.0,,,False,불닭마요덮밥,불닭마요덮밥,2,5,5,1,0.2,[1],8,7,3,0.42857142857142855
926901368,2023-08-23,Wednesday,dinner,[1],"장터국밥,잡곡밥,미트볼데리야끼볶음,가지구이*양념장,멸치견과볶음",766,58,1174.0,[1],,True,장터국밥,장터국밥,2,16,12,3,0.25,[2],9,9,1,0.1111111111111111
926901368,2023-08-23,Wednesday,dinner,[2],"소고기우엉볶음밥,팽이버섯장국,교자만두&*비빔채소,맑은오이지무침",990,51,1140.0,,,False,소고기우엉볶음밥,소고기우엉볶음밥,2,9,9,1,0.1111111111111111,[1],16,12,3,0.25
926901371,2023-08-24,Thursday,dinner,[1],"취나물영양밥*부추양념장,된장찌개,매콤오징어볶음,볼어묵조림,건파래자반",866,37,1168.0,,,False,취나물영양밥,취나물영양밥,2,5,5,1,0.2,[2],2,2,1,
926901371,2023-08-24,Thursday,dinner,[2],"뉴욕칠리핫도그,양념웨지감자*케첩,마카로니콘치즈구이,오이피클,탄산음료",967,22,1193.0,,,False,뉴욕칠리핫도그,뉴욕칠리핫도그,2,2,2,1,,[1],5,5,1,0.2
926901377,2023-08-28,Monday,dinner,[1],"경상도식소고기무국,잡곡밥,두부구이*양념장,연근땅콩조림,시래기된장지짐",698,32,1094.0,,,False,경상도식소고기무국,경상도식소고기무국,2,7,6,1,0.16666666666666666,[2],3,3,1,0.3333333333333333
926901377,2023-08-28,Monday,dinner,[2],"가츠동돈부리,미소시루,과일샐러드,블루베리무피클",808,42,1225.0,[2],,True,가츠동돈부리,가츠동돈부리,2,3,3,1,0.3333333333333333,[1],7,6,1,0.16666666666666666
926901379,2023-08-29,Tuesday,dinner,[1],"버섯소불고기,잡곡밥,비엔나소시지볶음,건새우마늘쫑볶음,반반콩자반",871,38,1273.0,[1],,True,버섯소불고기,버섯소불고기,2,6,5,0,0.0,[2],5,5,1,0.2
926901379,2023-08-29,Tuesday,dinner,[2],"매콤열무돈육덮밥,미역국,청파래오징어까스&타르타르S,무들깨나물",877,44,1263.0,,,False,매콤열무돈육덮밥,매콤열무돈육덮밥,2,5,5,1,0.2,[1],6,5,0,0.0
926901381,2023-08-30,Wednesday,dinner,[1],"얼큰동태찌개,잡곡밥,모듬장조림,브로콜리참깨무침,우엉파프리카볶음",827,58,1142.0,,,False,얼큰동태찌개,얼큰동태찌개,2,0,0,0,,[2],0,0,0,
926901381,2023-08-30,Wednesday,dinner,[2],"버섯곤드레영양밥,조랭이떡국,해물완자전,매콤콩나물무침,들기름간장양념장",784,32,1054.0,,,False,버섯곤드레영양밥,버섯곤드레영양밥,2,0,0,0,,[1],0,0,0,
926901383,2023-08-31,Thursday,dinner,[1],"철판백순대볶음,잡곡밥,김치수제비국,알감자조림,무쌈*순대양념장",998,26,1186.0,[1],,True,철판백순대볶음,철판백순대볶음,2,4,3,0,0.0,[2],5,5,1,0.2
926901383,2023-08-31,Thursday,dinner,[2],"매콤국물떡볶이,어묵국,후리가케밥(소),모듬튀김(야채튀김,김말이),한입단무지",752,18,1030.0,,,False,매콤국물떡볶이,매콤국물떡볶이,2,5,5,1,0.2,[1],4,3,0,0.0
926901388,2023-09-04,Monday,dinner,[1],"불고기퀘사디아&양념감자튀김*샤워크림/살사소스,콜드파스타,오이피클할라피뇨,탄산음료",736,17,1018.0,[1],,True,불고기퀘사디아,불고기퀘사디아,2,3,3,1,0.3333333333333333,[2],5,4,2,0.5
926901388,2023-09-04,Monday,dinner,[2],"뼈없는감자탕,잡곡밥,옛날소시지전,멸치견과볶음,풋고추양파된장무침",962,56,1167.0,,,False,뼈없는감자탕,감자탕,2,5,4,2,0.5,[1],3,3,1,0.3333333333333333
926901390,2023-09-05,Tuesday,dinner,[1],"소고기숙주볶음,잡곡밥,열무된장국,쥐어채조림,부추겉절이",619,46,1230.0,,,False,소고기숙주볶음,소고기숙주볶음,2,4,3,0,0.0,[2],6,5,2,0.4
926901390,2023-09-05,Tuesday,dinner,[2],"산채들기름비빔밥,미역국,피쉬커틀릿*타르타르소스,브로콜리통마늘볶음,약고추장",988,57,1078.0,[2],,True,산채들기름비빔밥,산채들기름비빔밥,2,6,5,2,0.4,[1],4,3,0,0.0
926901392,2023-09-06,Wednesday,dinner,[1],"닭개장,잡곡밥,미트볼채소조림,고구마순들깨나물,궁채장아찌",949,58,1174.0,,,False,닭개장,닭개장,2,2,2,0,,[2],3,3,0,0.0
926901392,2023-09-06,Wednesday,dinner,[2],"돈목살필라프&계란프라이,맑은유부국,두부카츠*스위트칠리소스,양배추적채초절임",839,51,1140.0,,,False,돈목살필라프,돈목살필라프,2,3,3,0,0.0,[1],2,2,0,
926901400,2023-09-11,Monday,dinner,[1],"명란크림파스타,빌소시지&구운채소&머스타드소스,오이피클,탄산음료",988,38,1193.0,,,False,명란크림파스타,명란크림파스타,2,3,3,1,0.3333333333333333,[2],8,8,4,0.5
926901400,2023-09-11,Monday,dinner,[2],"짜글이김치찌개,쌀밥&계란프라이,궁중떡볶이,숙주나물무침,건파래자반",964,37,1196.0,[2],,True,짜글이김치찌개,짜글이김치찌개,2,8,8,4,0.5,[1],3,3,1,0.3333333333333333
926901402,2023-09-12,Tuesday,dinner,[1],"소고기샤브샤브,잡곡밥,메추리알장조림반반콩자반,무말랭이무침,겨자장",735,33,1119.0,,,False,소고기샤브샤브,소고기샤브샤브,2,3,3,1,0.3333333333333333,[2],1,1,1,
926901402,2023-09-12,Tuesday,dinner,[2],"오야꼬동,미소장국,감자샐러드&요거트D,오복지무침",872,43,1136.0,,,False,오야꼬동,오야꼬동,2,1,1,1,,[1],3,3,1,0.3333333333333333
926901405,2023-09-13,Wednesday,dinner,[1],"고등어무조림,잡곡밥,얼갈이된장국비엔나소시지케첩조림,맑은오이지무침,",933,52,1184.0,[1],,True,고등어무조림,고등어무조림,2,0,0,0,,[2],9,9,5,0.5555555555555556
926901405,2023-09-13,Wednesday,dinner,[2],"옛날카레라이스,우동국물,새우까스&타르타르소스,고춧잎무침",907,24,1143.0,,,False,옛날카레라이스,옛날카레라이스,2,9,9,5,0.5555555555555556,[1],0,0,0,
926901407,2023-09-14,Thursday,dinner,[1],"전주콩나물국밥,잡곡밥,언양식불고기,브로콜리숙회&초고추장,쥐어채볶음",892,44,1165.0,,,False,전주콩나물국밥,전주콩나물국밥,2,12,8,1,0.125,[2],2,1,0,
926901407,2023-09-14,Thursday,dinner,[2],"참치캔생야채비빔밥,다시마무채국,모짜렐라치즈핫도그*케첩,건새우마늘쫑볶음,비빔밥고추장",780,30,1157.0,[2],,True,참치캔생야채비빔밥,참치캔생야채비빔밥,2,2,1,0,,[1],12,8,1,0.125
926901417,2023-09-18,Monday,dinner,[1],"설렁탕,잡곡밥,매콤두부조림,가지나물,삼색겨자채무침",710,34,1182.0,,,False,설렁탕,설렁탕,2,3,3,1,0.3333333333333333,[2],1,1,0,
926901417,2023-09-18,Monday,dinner,[2],"팟카파오무쌉*계란프라이,쌀국수국물,사모사튀김&칠리소스,레몬양파피클",973,34,1182.0,,,False,팟카파오무쌉,팟카파오무쌉,2,1,1,0,,[1],3,3,1,0.3333333333333333
926901420,2023-09-19,Tuesday,dinner,[1],"베테랑칼국수,보리밥(소),고기손만두찜*초간장,무말랭이무침",876,24,1132.0,,,False,베테랑칼국수,베테랑칼국수,2,2,2,1,,[2],4,4,1,0.25
926901420,2023-09-19,Tuesday,dinner,[2],"돈육콩나물두루치기,잡곡밥,근대된장국,둥근어묵간장조림,양배추쌈*쌈장",834,49,1125.0,,,False,돈육콩나물두루치기,돈육콩나물두루치기,2,4,4,1,0.25,[1],2,2,1,
926901422,2023-09-20,Wednesday,dinner,[1],"동태지리탕,잡곡밥,어니언떡갈비,열무된장나물,고들빼기무침",788,46,1111.0,,,False,동태지리탕,동태지리탕,2,4,4,1,0.25,[2],2,2,0,
926901422,2023-09-20,Wednesday,dinner,[2],"햄마늘쫑볶음밥&계란프라이,콩가루배추국,김말이오징어볼강정,청경채나물",904,32,1198.0,[2],,True,햄마늘쫑볶음밥,햄마늘쫑볶음밥,2,2,2,0,,[1],4,4,1,0.25
926901425,2023-09-21,Thursday,dinner,[1],"뼈없는닭갈비,잡곡밥,다시마무채국,고구마순들깨나물,감자채볶음",781,37,1183.0,[1],,True,뼈없는닭갈비,닭갈비,2,5,5,3,0.6,[2],1,1,0,
926901425,2023-09-21,Thursday,dinner,[2],"불고기핫도그,웨지양념감자튀김&케첩,옥수수코울슬로,탄산음료",761,9,1157.0,,,False,불고기핫도그,불고기핫도그,2,1,1,0,,[1],5,5,3,0.6
926901432,2023-09-25,Monday,dinner,[1],"철판백순대볶음,잡곡밥,김치콩나물국,미니새송이간장조림,무쌈*순대양념장",638,14,1193.0,,,False,철판백순대볶음,철판백순대볶음,2,4,3,1,0.3333333333333333,[2],9,9,4,0.4444444444444444
926901432,2023-09-25,Monday,dinner,[2],"일식카레&가라아게튀김,우동국물,고구마샐러드,유자단무지채",953,23,1106.0,[2],,True,일식카레,일식카레 라이스,2,9,9,4,0.4444444444444444,[1],4,3,1,0.3333333333333333
926901436,2023-09-26,Tuesday,dinner,[1],"콩비지찌개,잡곡밥,옛날소시지젘*케첩,사각어묵볶음,시래기된장지짐",618,30,1069.0,,,False,콩비지찌개,콩비지찌개,2,4,3,0,0.0,[2],6,5,2,0.4
926901436,2023-09-26,Tuesday,dinner,[2],"장조림버터비빔밥,맑은유부국,청파래오징어까스*타르타르S,맑은오이지무침",875,36,1067.0,[2],,True,장조림버터비빔밥,장조림버터비빔밥,2,6,5,2,0.4,[1],4,3,0,0.0
926901441,2023-10-05,Thursday,dinner,[1],"돈육고추장불고기&파채,잡곡밥,콩나물국,멸치견과볶음,연근땅콩조림",732,38,1067.0,[1],,True,돈육고추장불고기,돈육고추장불고기,2,7,7,0,0.0,[2],25,25,7,0.28
926901441,2023-10-05,Thursday,dinner,[2],"중국식볶음밥&자장소스,계란파국,꿔바로우,단무지",948,29,1166.0,,,False,중국식볶음밥,중국식볶음밥,2,25,25,7,0.28,[1],7,7,0,0.0
926901446,2023-10-10,Tuesday,dinner,[1],"부타야끼소바,맑은팽이버섯국,야채튀김*초간장,락교&초생강",743,41,1198.0,[1],,True,부타야끼소바,부타야끼소바,2,1,1,0,,[2],1,1,0,
926901446,2023-10-10,Tuesday,dinner,[2],"버섯무채영양밥,청국장찌개,섭산적구이&파채,우엉땅콩조림,구운김&부추양념장",889,34,1102.0,,,False,버섯무채영양밥,버섯무채영양밥,2,1,1,0,,[1],1,1,0,
926901448,2023-10-11,Wednesday,dinner,[1],"불고기퀘사디아&양념감자튀김,마카로니콘치즈구이,오이피클,탄산음료",853,23,1179.0,,,False,불고기퀘사디아,불고기퀘사디아,2,4,4,2,0.5,[2],5,4,1,0.25
926901448,2023-10-11,Wednesday,dinner,[2],"뼈없는감자탕,잡곡밥,옛날소시지전*케찹,가지나물,풋고추양파된장무침",997,58,1134.0,,,False,뼈없는감자탕,감자탕,2,5,4,1,0.25,[1],4,4,2,0.5
926901450,2023-10-12,Thursday,dinner,[1],"두절가자미구이,잡곡밥,돈육고추장찌개,쥐어채볶음,치커리겉절이",691,39,1186.0,[1],,True,두절가자미구이,두절가자미구이,2,0,0,0,,[2],4,4,1,0.25
926901450,2023-10-12,Thursday,dinner,[2],"핫도그떡볶이,꼬치어묵국,김말이튀김,한입단무지",745,15,1121.0,,,False,핫도그떡볶이,핫도그떡볶이,2,4,4,1,0.25,[1],0,0,0,
926901456,2023-10-16,Monday,dinner,[1],"순대국밥,잡곡밥,메추리알장조림,콩나물무침,고들빼기무침",729,29,1190.0,,,False,순대국밥,순대국밥,2,7,7,4,0.5714285714285714,[2],2,2,0,
926901456,2023-10-16,Monday,dinner,[2],"나시고랭볶음밥,쌀국수국물,사모사튀김*칠리소스,레몬양파절임",786,26,1198.0,,,False,나시고랭볶음밥,나시고랭볶음밥,2,2,2,0,,[1],7,7,4,0.5714285714285714
926901459,2023-10-17,Tuesday,dinner,[1],"계란한알쫄면,사골파국,군만두튀김,브로콜리흑임자무침",929,30,1135.0,[1],,True,계란한알쫄면,계란한알쫄면,2,2,2,1,,[2],7,7,3,0.42857142857142855
926901459,2023-10-17,Tuesday,dinner,[2],"자반고등어구이,잡곡밥,된장찌개,무생채,시래기들깨지짐",921,46,1106.0,,,False,자반고등어구이,자반고등어구이,2,7,7,3,0.42857142857142855,[1],2,2,1,
926901462,2023-10-18,Wednesday,dinner,[1],"어묵김치찌개,잡곡밥,미트볼채소케첩조림,느타리버섯볶음,깻잎지무침",795,26,1160.0,,,False,어묵김치찌개,어묵김치찌개,2,9,8,4,0.5,[2],4,4,2,0.5
926901462,2023-10-18,Wednesday,dinner,[2],"가츠동돈부리,우동국물,연두부샐러드&오리엔탈D,락교무침",789,24,1166.0,,,False,가츠동돈부리,가츠동돈부리,2,4,4,2,0.5,[1],9,8,4,0.5
926901465,2023-10-19,Thursday,dinner,[1],"토마토리조또,양송이크림수프,텐더치킨샐러드&허니머스타드,오이피클할라피뇨",940,28,1182.0,,,False,토마토리조또,토마토리조또,2,3,3,2,0.6666666666666666,[2],0,0,0,
926901465,2023-10-19,Thursday,dinner,[2],"돼지고기두부조림,잡곡밥,수제비국,삼색겨자채무침,가지볶음",718,29,1153.0,,,False,돼지고기두부조림,돼지고기두부조림,2,0,0,0,,[1],3,3,2,0.6666666666666666
926901471,2023-10-23,Monday,dinner,[1],"베테랑칼국수,보리밥(소),미니손만두찜,초간장,무말랭이무침",928,28,1160.0,,,False,베테랑칼국수,베테랑칼국수,2,3,3,1,0.3333333333333333,[2],4,4,1,0.25
926901471,2023-10-23,Monday,dinner,[2],"취나물영양밥*부추양념장,청국장찌개,비엔나소시지볶음,건새우마늘쫑볶음,파래김구이",706,30,1039.0,[2],,True,취나물영양밥,취나물영양밥,2,4,4,1,0.25,[1],3,3,1,0.3333333333333333
926901474,2023-10-24,Tuesday,dinner,[1],"돈육콩나물두루치기,잡곡밥,감자양파국,탕평채,열무나물무침",693,40,1168.0,[1],,True,돈육콩나물두루치기,돈육콩나물두루치기,2,5,5,1,0.2,[2],6,6,1,0.16666666666666666
926901474,2023-10-24,Tuesday,dinner,[2],"베이컨갈릭볶음밥,미소시루,새우튀김*타르타르소스,우엉파프리카조림",803,22,1156.0,,,False,베이컨갈릭볶음밥,베이컨갈릭볶음밥,2,6,6,1,0.16666666666666666,[1],5,5,1,0.2
926901476,2023-10-25,Wednesday,dinner,[1],"동태지리탕,잡곡밥,도톰완자전,미니새송이버섯볶음,도토리묵채소무침",793,53,1192.0,[1],,True,동태지리탕,동태지리탕,2,4,4,1,0.25,[2],0,0,0,
926901476,2023-10-25,Wednesday,dinner,[2],"마제덮밥,우동국물,타코야끼,유자채단무지",818,42,1159.0,,,False,마제덮밥,마제덮밥,2,0,0,0,,[1],4,4,1,0.25
926901478,2023-10-26,Thursday,dinner,[1],"뼈없는닭갈비,잡곡밥,김치국,숙주나물무침,무쌈겨자채무침",858,41,1172.0,[1],,True,뼈없는닭갈비,닭갈비,2,4,4,3,0.75,[2],0,0,0,
926901478,2023-10-26,Thursday,dinner,[2],"타워함박스테이크&데미소스,쌀밥(소),양송이크림수프,스틱마늘빵,옥수수코울슬로",991,36,1199.0,,,False,타워함박스테이크,타워함박스테이크,2,0,0,0,,[1],4,4,3,0.75
926901482,2023-10-30,Monday,dinner,[1],"땡초어묵우동,후리가케밥,간장견과닭강정,단무지",953,37,1051.0,[1],,True,땡초어묵우동,땡초어묵우동,2,2,2,0,,[2],1,1,0,
926901482,2023-10-30,Monday,dinner,[2],"볼락한마리구이,잡곡밥,고추장찌개,채소계란찜,얼갈이나물",687,30,1099.0,,,False,볼락한마리구이,볼락한마리구이,2,1,1,0,,[1],2,2,0,
926901485,2023-10-31,Tuesday,dinner,[1],"나주곰탕,잡곡밥,동그랑땡전,고구마순들깨나물,마늘쫑무침",722,32,1095.0,[1],,True,나주곰탕,나주곰탕,2,7,3,0,0.0,[2],5,5,1,0.2
926901485,2023-10-31,Tuesday,dinner,[2],"불닭마요덮밥,맑은팽이버섯국,어니언링튀김*칠리소스,브로콜리흑임자무침",950,42,1107.0,,,False,불닭마요덮밥,불닭마요덮밥,2,5,5,1,0.2,[1],7,3,0,0.0
926901487,2023-11-01,Wednesday,dinner,[1],"철판백순대볶음,잡곡밥,호박감자국,멸치견과볶음,무쌈,순대양념장",988,24,1156.0,,,False,철판백순대볶음,철판백순대볶음,2,4,4,1,0.25,[2],5,5,1,0.2
926901487,2023-11-01,Wednesday,dinner,[2],"매콤국물떡볶이,유부국물,모듬튀김,적채무초절임",783,20,1136.0,[2],,True,매콤국물떡볶이,매콤국물떡볶이,2,5,5,1,0.2,[1],4,4,1,0.25
926901489,2023-11-02,Thursday,dinner,[1],"오징어볶음&소면사리,잡곡밥,미역국,둥근어묵조림,시래기나물",832,40,1176.0,,,False,오징어볶음,오징어볶음,2,4,4,1,0.25,[2],4,4,1,0.25
926901489,2023-11-02,Thursday,dinner,[2],"소불고기달걀덮밥,김치국,연두부샐러드&발사믹D,고들빼기무침",895,35,1166.0,,,False,소불고기달걀덮밥,소불고기달걀덮밥,2,4,4,1,0.25,[1],4,4,1,0.25
926901494,2023-11-06,Monday,dinner,[1],"버섯소불고기,잡곡밥,매콤두부조림,숙주나물,우엉파프리카조림",812,38,1167.0,,,False,버섯소불고기,버섯소불고기,2,5,4,1,0.25,[2],1,1,0,
926901494,2023-11-06,Monday,dinner,[2],"팟카파오무쌉,쌀국수국물,모듬춘권*칠리소스,레몬양파초절임",978,26,1148.0,,,False,팟카파오무쌉,팟카파오무쌉,2,1,1,0,,[1],5,4,1,0.25
926901496,2023-11-07,Tuesday,dinner,[1],"바지락칼제비,쌀밥(소),어니언떡갈비구이,고추지무침",922,32,1189.0,[1],,True,바지락칼제비,바지락칼제비,2,0,0,0,,[2],9,9,1,0.1111111111111111
926901496,2023-11-07,Tuesday,dinner,[2],"오징어돈육불고기,잡곡밥,콩가루배추국,감자채피망볶음,참나물겉절이",693,34,1105.0,,,False,오징어돈육불고기,오징어돈육불고기,2,9,9,1,0.1111111111111111,[1],0,0,0,
926901499,2023-11-08,Wednesday,dinner,[1],"닭개장,잡곡밥,식물성런천미트전*파채,맛살브로콜리볶음,풋고추양파된장무침",790,32,1168.0,[1],,True,닭개장,닭개장,2,2,2,0,,[2],6,6,1,0.16666666666666666
926901499,2023-11-08,Wednesday,dinner,[2],"참치마요데리야끼덮밥,유부국,감자고로케*케첩,유자채단무지",752,24,1185.0,,,False,참치마요데리야끼덮밥,참치마요데리야끼덮밥,2,6,6,1,0.16666666666666666,[1],2,2,0,
926901501,2023-11-09,Thursday,dinner,[1],"사골우거지탕,잡곡밥,야채계란말이,시금치나물,깐마늘장아찌",708,30,1150.0,,,False,사골우거지탕,사골우거지탕,2,2,1,0,,[2],1,1,0,
926901501,2023-11-09,Thursday,dinner,[2],"오야꼬동,김치국,과일샐러드,해초무침",829,26,1183.0,,,False,오야꼬동,오야꼬동,2,1,1,0,,[1],2,1,0,
926901507,2023-11-13,Monday,dinner,[1],"사골만두전골,잡곡밥,오징어채소무침,멸치견과볶음,궁채절임",953,37,1011.0,,,False,사골만두전골,사골만두전골,2,2,1,0,,[2],5,4,3,0.75
926901507,2023-11-13,Monday,dinner,[2],"산채들기름비빔밥,미역국,피쉬커틀릿&크리미어니언S,우엉참깨무침,약고추장",987,35,1148.0,[2],,True,산채들기름비빔밥,산채들기름비빔밥,2,5,4,3,0.75,[1],2,1,0,
926901510,2023-11-14,Tuesday,dinner,[1],"두절가자미구이,잡곡밥,몽글몽글순두부탕*양념장,호박볶음,양념깻잎지",716,30,1012.0,,,False,두절가자미구이,두절가자미구이,2,1,1,1,,[2],6,6,2,0.3333333333333333
926901510,2023-11-14,Tuesday,dinner,[2],"바질크림떡볶이,모듬튀김(맛감자,오징어볼),블루베리무피클,탄산음료",997,32,1167.0,[2],,True,바질크림떡볶이,바질크림떡볶이,2,6,6,2,0.3333333333333333,[1],1,1,1,
926901513,2023-11-15,Wednesday,dinner,[1],"해물볶음우동,맑은팽이버섯국,아게다시도후,락교&초생강",956,30,1052.0,,,False,해물볶음우동,해물볶음우동,2,0,0,0,,[2],11,11,2,0.18181818181818182
926901513,2023-11-15,Wednesday,dinner,[2],"돼지국밥*다대기,잡곡밥,옛날소시지전,쥐어채볶음,부추겉절이,새우젓",860,36,1135.0,,,False,돼지국밥,돼지국밥,2,11,11,2,0.18181818181818182,[1],0,0,0,
926901517,2023-11-16,Thursday,dinner,[1],"뼈없는닭갈비,잡곡밥,맑은감자국,얼갈이나물,삼색겨자채무침",839,35,1114.0,,,False,뼈없는닭갈비,닭갈비,2,5,5,4,0.8,[2],4,4,1,0.25
926901517,2023-11-16,Thursday,dinner,[2],"햄마늘쫑볶음밥&계란프라이,다시마무채국,찰도그롤*케찹,고구마순나물",732,24,1121.0,[2],,True,햄마늘쫑볶음밥,햄마늘쫑볶음밥,2,4,4,1,0.25,[1],5,5,4,0.8
926901522,2023-11-20,Monday,dinner,[1],"명란오일파스타,홍합토마토스튜,스틱마늘빵,블루베리무피클",924,41,1175.0,,,False,명란오일파스타,명란오일파스타,2,4,4,1,0.25,[2],5,4,1,0.25
926901522,2023-11-20,Monday,dinner,[2],"뼈없는감자탕,잡곡밥,계란장조림,명엽채땅콩볶음,풋고추양파된장무침",923,44,1192.0,,,False,뼈없는감자탕,감자탕,2,5,4,1,0.25,[1],4,4,1,0.25
926901524,2023-11-21,Tuesday,dinner,[1],"철판오징어떡볶음,잡곡밥,콩나물국,미니새송이버섯볶음,고춧잎무침",703,28,1163.0,,,False,철판오징어떡볶음,철판오징어떡볶음,2,5,5,1,0.2,[2],4,4,1,0.25
926901524,2023-11-21,Tuesday,dinner,[2],"몽골리안치킨덮밥,맑은유부국,야채튀김*초간장,적채무초절임",934,35,1139.0,,,False,몽골리안치킨덮밥,몽골리안치킨덮밥,2,4,4,1,0.25,[1],5,5,1,0.2
926901527,2023-11-22,Wednesday,dinner,[1],"동태매운탕,잡곡밥,언양식불고기,감자채피망볶음,반반콩자반",893,42,1081.0,[1],,True,동태매운탕,동태매운탕,2,5,5,2,0.4,[2],1,1,1,
926901527,2023-11-22,Wednesday,dinner,[2],"지파이버거,&웨지감자튀김,옥수수코울슬로,오이피클,탄산음료",956,35,1118.0,,,False,지파이버거,지파이버거,2,1,1,1,,[1],5,5,2,0.4
926901530,2023-11-23,Thursday,dinner,[1],"콩비지찌개,잡곡밥,도톰완자전,느타리버섯볶음,시금치나물",736,37,1183.0,,,False,콩비지찌개,콩비지찌개,2,4,3,0,0.0,[2],10,9,4,0.4444444444444444
926901530,2023-11-23,Thursday,dinner,[2],"옛날카레라이스&함박,우동국물,고구마샐러드&요거트D,마늘쫑무침",916,39,1097.0,[2],,True,옛날카레라이스,옛날카레라이스,2,10,9,4,0.4444444444444444,[1],4,3,0,0.0
926901535,2023-11-27,Monday,dinner,[1],"장칼국수,보리밥(소),갈비왕교자만두*초간장,맑은오이지무침",948,35,1118.0,,,False,장칼국수,장칼국수,2,3,3,1,0.3333333333333333,[2],8,8,0,0.0
926901535,2023-11-27,Monday,dinner,[2],"매실청돈육불고기,잡곡밥,얼큰콩나물국,쑥갓나물,멸치견과볶음",823,37,1127.0,,,False,매실청돈육불고기,매실청돈육불고기,2,8,8,0,0.0,[1],3,3,1,0.3333333333333333
926901537,2023-11-28,Tuesday,dinner,[1],"소고기샤브샤브,잡곡밥,동그랑땡조림,열무된장나물,궁채절임",892,42,1049.0,,,False,소고기샤브샤브,소고기샤브샤브,2,3,3,0,0.0,[2],1,1,0,
926901537,2023-11-28,Tuesday,dinner,[2],"타워함박스테이크&청양크림소스,쌀밥(소),스틱마늘빵,블루베리무피클,탄산음료",913,34,1112.0,,,False,타워함박스테이크,타워함박스테이크,2,1,1,0,,[1],3,3,0,0.0
926901540,2023-11-29,Wednesday,dinner,[1],"고등어무조림,잡곡밥,얼갈이된장국,계란찜,쥐어채볶음",815,37,1188.0,,,False,고등어무조림,고등어무조림,2,1,1,1,,[2],6,6,1,0.16666666666666666
926901540,2023-11-29,Wednesday,dinner,[2],"불고기할라피뇨볶음밥,유부장국,고로케*케첩,마늘쫑건새우볶음",906,36,1043.0,[2],,True,불고기할라피뇨볶음밥,불고기할라피뇨볶음밥,2,6,6,1,0.16666666666666666,[1],1,1,1,
926901542,2023-11-30,Thursday,dinner,[1],"나주곰탕,잡곡밥,오징어채소무침,호박새우젓볶음,양념깻잎지",885,40,1074.0,,,False,나주곰탕,나주곰탕,2,7,3,1,0.3333333333333333,[2],4,4,4,1.0
926901542,2023-11-30,Thursday,dinner,[2],"마파두부덮밥,게맛살스프,따바오찜,짜사이무침",861,37,1173.0,,,False,마파두부덮밥,마파두부덮밥,2,4,4,4,1.0,[1],7,3,1,0.3333333333333333
926901548,2023-12-04,Monday,dinner,[1],"탄탄면,쌀밥(소),유린기,짜사이무침",944,40,1141.0,[1],19:46,True,탄탄면,탄탄면,2,0,0,0,,[2],2,2,0,
926901548,2023-12-04,Monday,dinner,[2],"볼락한마리구이,잡곡밥,몽글몽글순두부탕*양념장,맛살채소볶음,고춧잎무침",673,30,1002.0,,,False,볼락한마리구이,볼락한마리구이,2,2,2,0,,[1],0,0,0,
926901550,2023-12-05,Tuesday,dinner,[1],"돈육생강장불고기,잡곡밥,다시마무채국,가지나물,유자청치커리무침",658,33,1090.0,[1],19:54,True,돈육생강장불고기,돈육생강장불고기,2,6,6,0,0.0,[2],6,6,0,0.0
926901550,2023-12-05,Tuesday,dinner,[2],"참치마요데리야끼덮밥,사골파국,씨앗닭강정,오복지무침",926,42,1124.0,,,False,참치마요데리야끼덮밥,참치마요데리야끼덮밥,2,6,6,0,0.0,[1],6,6,0,0.0
926901553,2023-12-06,Wednesday,dinner,[1],"사골떡만두국,잡곡밥(소),메추리알장조림,브로콜리통마늘볶음,오이깍둑무침",776,29,1106.0,,,False,사골떡만두국,사골떡만두국,2,6,3,0,0.0,[2],5,5,3,0.6
926901553,2023-12-06,Wednesday,dinner,[2],"산채들기름볶음밥&계란프라이,호박감자국,새우볼카츠*타르타르소스,무말랭이무침,약고추장",928,37,1188.0,[2],19:46,True,산채들기름볶음밥,산채들기름볶음밥,2,5,5,3,0.6,[1],6,3,0,0.0
926901556,2023-12-07,Thursday,dinner,[1],"소고기숙주볶음,잡곡밥,두부김치국,둥근어묵볶음,매콤무조림",883,42,1148.0,,,False,소고기숙주볶음,소고기숙주볶음,2,6,6,0,0.0,[2],6,6,3,0.5
926901556,2023-12-07,Thursday,dinner,[2],"핫도그떡볶이,어묵국,김말이튀김,한입단무지",826,33,1112.0,[2],19:56,True,핫도그떡볶이,핫도그떡볶이,2,6,6,3,0.5,[1],6,6,0,0.0
926901561,2023-12-11,Monday,dinner,[1],"뚝배기얼큰김치우동,후리가케밥,네기타코야끼,꼬들단무지",778,30,1138.0,,,False,뚝배기얼큰김치우동,뚝배기얼큰김치우동,2,1,1,1,,[2],9,6,1,0.16666666666666666
926901561,2023-12-11,Monday,dinner,[2],"소고기미역국,잡곡밥,햄전&케첩,고구마순나물,멸치견과볶음",761,32,1144.0,,,False,소고기미역국,소고기미역국,2,9,6,1,0.16666666666666666,[1],1,1,1,
926901563,2023-12-12,Tuesday,dinner,[1],"철판백순대볶음*양념장,잡곡밥,다시마무채국,쥐어채조림,무쌈삼색겨자채",852,34,1163.0,,,False,철판백순대볶음,철판백순대볶음,2,5,5,1,0.2,[2],5,5,2,0.4
926901563,2023-12-12,Tuesday,dinner,[2],"고추잡채덮밥&꽃빵,계란파국,꿔바로우,짜사이무침",756,34,1132.0,[2],19:48,True,고추잡채덮밥,고추잡채덮밥,2,5,5,2,0.4,[1],5,5,1,0.2
926901565,2023-12-13,Wednesday,dinner,[1],"장터국밥,잡곡밥,한식잡채,느타리버섯볶음,풋고추양파된장무침",93,43,1175.0,,,False,장터국밥,장터국밥,2,18,13,3,0.23076923076923078,[2],9,8,4,0.5
926901565,2023-12-13,Wednesday,dinner,[2],"일식커리&왕새우튀김,미소시루,과일샐러드,오복지무침",814,33,1033.0,[2],19:43,True,일식커리,일식커리 라이스,2,9,8,4,0.5,[1],18,13,3,0.23076923076923078
926901567,2023-12-14,Thursday,dinner,[1],"돈육두부조림,잡곡밥,콩나물국,부들어묵볶음,돈나물&초고추장",676,32,1150.0,,,False,돈육두부조림,돈육두부조림,2,1,1,0,,[2],5,5,2,0.4
926901567,2023-12-14,Thursday,dinner,[2],"햄마늘쫑볶음밥&계란프라이,감자양파국,모듬춘권&칠리소스,맑은오이지무침",739,30,1139.0,,,False,햄마늘쫑볶음밥,햄마늘쫑볶음밥,2,5,5,2,0.4,[1],1,1,0,
926901573,2023-12-18,Monday,dinner,[1],"고사리오일파스타,옥수수크림수프,빌소시지구이*머스타드S,오이피클",838,34,1035.0,[1],19:50,True,고사리오일파스타,고사리오일파스타,2,3,3,1,0.3333333333333333,[2],8,7,1,0.14285714285714285
926901573,2023-12-18,Monday,dinner,[2],"돈육묵채비빔밥,수제비국,비엔나소시지케첩조림,고들빼기무침,간장양념장",939,40,1065.0,,,False,돈육묵채비빔밥,돈육묵채비빔밥,2,8,7,1,0.14285714285714285,[1],3,3,1,0.3333333333333333
926901575,2023-12-19,Tuesday,dinner,[1],"동태지리탕,잡곡밥,모듬장조림,탕평채,무말랭이무침",913,43,1162.0,,,False,동태지리탕,동태지리탕,2,5,5,3,0.6,[2],2,2,0,
926901575,2023-12-19,Tuesday,dinner,[2],"나시고랭,쌀국수국물,청파래오징어까스*타르타르S,양파초절임",768,33,1138.0,[2],19:52,True,나시고랭,나시고랭,2,2,2,0,,[1],5,5,3,0.6
926901577,2023-12-20,Wednesday,dinner,[1],"소고기된장찌개,잡곡밥,동그랑땡조림,맛살채소볶음,열무된장나물",745,35,1113.0,,,False,소고기된장찌개,소고기된장찌개,2,3,2,0,,[2],2,2,0,
926901577,2023-12-20,Wednesday,dinner,[2],"불닭덮밥,계란파국,카레크로켓&어니언링,브로콜리통마늘볶음",917,44,1137.0,,,False,불닭덮밥,불닭덮밥,2,2,2,0,,[1],3,2,0,
926901579,2023-12-21,Thursday,dinner,[1],"쫄우동,연어치즈까스&스위트칠리S,고구마샐러드,맑은오이지무침",944,38,1121.0,[1],19:39,True,쫄우동,쫄우동,2,0,0,0,,[2],5,5,1,0.2
926901579,2023-12-21,Thursday,dinner,[2],"오징어떡채소볶음,잡곡밥,콩나물국,청포무김가루무침,단호박찜&견과시럽",746,30,1163.0,,,False,오징어떡채소볶음,오징어떡채소볶음,2,5,5,1,0.2,[1],0,0,0,
926901588,2023-12-26,Tuesday,dinner,[1],"닭곰탕,잡곡밥,감자채전,멸치견과볶음,양념깻잎지",859,41,1121.0,,,False,닭곰탕,닭곰탕,2,12,8,3,0.375,[2],4,4,0,0.0
926901588,2023-12-26,Tuesday,dinner,[2],"소불고기달걀덮밥,미소시루,야채튀김*초간장,오복지무침,",923,42,1128.0,[2],19:52,True,소불고기달걀덮밥,소불고기달걀덮밥,2,4,4,0,0.0,[1],12,8,3,0.375
926901590,2023-12-27,Wednesday,dinner,[1],"버섯콩나물밥*간장양념장,돈육고추장찌개,가자미구이,건새우마늘쫑볶음,파래자반",747,39,1137.0,,,False,버섯콩나물밥,버섯콩나물밥,2,8,2,1,,[2],0,0,0,
926901590,2023-12-27,Wednesday,dinner,[2],"뚝배기해물누룽지탕,곤약쌀밥(소),깐풍육,중화식오이무침",877,39,1132.0,[2],19:32,True,뚝배기해물누룽지탕,뚝배기해물누룽지탕,2,0,0,0,,[1],8,2,1,
926901593,2023-12-28,Thursday,dinner,[1],"경상도식소고기무국,잡곡밥,미트볼채소조림,시금치나물,삼색겨자채",852,36,1174.0,,,False,경상도식소고기무국,경상도식소고기무국,2,6,6,1,0.16666666666666666,[2],7,7,1,0.14285714285714285
926901593,2023-12-28,Thursday,dinner,[2],"베이컨갈릭볶음밥,맑은유부국,교자만두강정,브로콜리흑임자무침",923,39,1141.0,[2],19:39,True,베이컨갈릭볶음밥,베이컨갈릭볶음밥,2,7,7,1,0.14285714285714285,[1],6,6,1,0.16666666666666666
926901598,2024-01-02,Tuesday,dinner,[1],"전주콩나물국밥*새우젓,잡곡밥,바싹부추전,무생채,맛살채소볶음",723,32,1160.0,,,False,전주콩나물국밥,전주콩나물국밥,2,12,7,1,0.14285714285714285,[2],4,4,3,0.75
926901598,2024-01-02,Tuesday,dinner,[2],"마파두부덮밥,계란파국,유린기,단무지",922,44,1161.0,[2],19:55,True,마파두부덮밥,마파두부덮밥,2,4,4,3,0.75,[1],12,7,1,0.14285714285714285
926901600,2024-01-03,Wednesday,dinner,[1],"우불고기비빔국수,사골파국,수수부꾸미,브로콜리통마늘볶음",813,37,1153.0,,,False,우불고기비빔국수,우불고기비빔국수,2,1,1,0,,[2],3,3,0,0.0
926901600,2024-01-03,Wednesday,dinner,[2],"콩비지찌개,잡곡밥,동그랑땡조림,청경채나물,명엽채땅콩볶음",918,44,1019.0,,,False,콩비지찌개,콩비지찌개,2,3,3,0,0.0,[1],1,1,0,
926901602,2024-01-04,Thursday,dinner,[1],"황태미역국,잡곡밥,비엔나소시지볶음,미니새송이버섯볶음,숙주나물무침",679,27,1120.0,,,False,황태미역국,황태미역국,2,8,4,0,0.0,[2],7,7,1,0.14285714285714285
926901602,2024-01-04,Thursday,dinner,[2],"불고기할라피뇨볶음밥,다시마무채국,한입두부가라아게*강정소스,맑은오이지무침",706,30,1145.0,[2],19:44,True,불고기할라피뇨볶음밥,불고기할라피뇨볶음밥,2,7,7,1,0.14285714285714285,[1],8,4,0,0.0
926901607,2024-01-08,Monday,dinner,[1],"안동찜닭,잡곡밥,호박양파국,연두부샐러드&참깨D,우엉파프리카볶음",941,47,1129.0,[1],19:43,True,안동찜닭,안동찜닭,2,4,4,1,0.25,[2],9,9,0,0.0
926901607,2024-01-08,Monday,dinner,[2],"참치마요데리야끼덮밥,사골파국,씨앗닭강정,오복지무침",943,40,1177.0,,,False,참치마요데리야끼덮밥,참치마요데리야끼덮밥,2,9,9,0,0.0,[1],4,4,1,0.25
926901609,2024-01-09,Tuesday,dinner,[1],"일식카레우동,우동국물,코코넛돈까스*일식돈까스소스,락교무침",923,39,1126.0,[1],19:35,True,일식카레우동,일식카레우동,2,1,1,1,,[2],3,3,0,0.0
926901609,2024-01-09,Tuesday,dinner,[2],"북어채콩나물해장국,잡곡밥,동그랑땡조림,시금치나물,고춧잎나물",713,34,1133.0,,,False,북어채콩나물해장국,북어채콩나물해장국,2,3,3,0,0.0,[1],1,1,1,
926901612,2024-01-10,Wednesday,dinner,[1],"고등어무조림,잡곡밥,얼갈이된장국,사각어묵볶음,열무나물",678,31,1154.0,[1],20:00,True,고등어무조림,고등어무조림,2,2,2,1,,[2],3,3,0,0.0
926901612,2024-01-10,Wednesday,dinner,[2],"뉴욕핫도그,크림수프,양념웨지감자,마카로니콘치즈구이,블루베리무피클",923,39,1156.0,,,False,뉴욕핫도그,뉴욕핫도그,2,3,3,0,0.0,[1],2,2,1,
926901614,2024-01-11,Thursday,dinner,[1],"뚝배기들깨수제비,잡곡밥,비엔나소시지채소조림,미니새송이버섯볶음,마늘쫑양념무침",889,38,1157.0,,,False,뚝배기들깨수제비,뚝배기들깨수제비,2,1,0,0,,[2],5,4,1,0.25
926901614,2024-01-11,Thursday,dinner,[2],"중화풍버섯잡채밥,계란파국,군만두유린기,짜사이무침",933,40,1139.0,,,False,중화풍버섯잡채밥,중화풍버섯잡채밥,2,5,4,1,0.25,[1],1,0,0,
926901620,2024-01-15,Monday,dinner,[1],"불고기크림리조또,노엣지피자,수제모듬피클,탄산음료",926,35,1122.0,,,False,불고기크림리조또,불고기크림리조또,2,2,2,1,,[2],2,2,1,
926901620,2024-01-15,Monday,dinner,[2],"닭개장,잡곡밥,돈저냐구이,청포묵김가루무침,우엉참깨무침",917,39,1115.0,,,False,닭개장,닭개장,2,2,2,1,,[1],2,2,1,
926901622,2024-01-16,Tuesday,dinner,[1],"볼락한마리구이,잡곡밥,된장찌개,부들어묵볶음,고들빼기무침",637,31,1120.0,[1],19:59,True,볼락한마리구이,볼락한마리구이,2,3,3,0,0.0,[2],0,0,0,
926901622,2024-01-16,Tuesday,dinner,[2],"불맛치즈제육덮밥,계란파국,생선까스*타르타르소스,숙주나물무침",931,47,1142.0,,,False,불맛치즈제육덮밥,불맛치즈제육덮밥,2,0,0,0,,[1],3,3,0,0.0
926901624,2024-01-17,Wednesday,dinner,[1],"양지탕,잡곡밥,미트볼채소조림,시금치나물,느타리버섯볶음",642,18,1152.0,,,False,양지탕,양지탕,2,3,3,0,0.0,[2],2,2,0,
926901624,2024-01-17,Wednesday,dinner,[2],"팟카파오무쌉&계란프라이,쌀국수국물,모듬춘권*칠리소스,레몬양파초절임",727,33,1137.0,[2],19:56,True,팟카파오무쌉,팟카파오무쌉,2,2,2,0,,[1],3,3,0,0.0
926901627,2024-01-18,Thursday,dinner,[1],"통마늘돼지불백,잡곡밥,김치국,얼갈이나물,맑은오이지무침",863,39,1132.0,,,False,통마늘돼지불백,통마늘돼지불백,2,7,6,1,0.16666666666666666,[2],7,7,4,0.5714285714285714
926901627,2024-01-18,Thursday,dinner,[2],"산채들기름볶음밥,유채된장국,코코넛연어까스&크리미어니언S,연근땅콩조림,약고추장",913,39,1139.0,,,False,산채들기름볶음밥,산채들기름볶음밥,2,7,7,4,0.5714285714285714,[1],7,6,1,0.16666666666666666
926901632,2024-01-22,Monday,dinner,[1],"쫄우동,양념꼬치어묵,고구마맛탕,무말랭이무침",946,39,1144.0,,,False,쫄우동,쫄우동,2,1,1,1,,[2],2,2,1,
926901632,2024-01-22,Monday,dinner,[2],"제육김치두루치기,잡곡밥,다시마무채국,감자조림,양배추쌈*쌈장",711,30,1162.0,,,False,제육김치두루치기,제육김치두루치기,2,2,2,1,,[1],1,1,1,
926901634,2024-01-23,Tuesday,dinner,[1],"닭곰탕,잡곡밥,단호박채전,우엉파프리카볶음,콩나물무침",703,30,1139.0,,,False,닭곰탕,닭곰탕,2,12,8,2,0.25,[2],7,7,2,0.2857142857142857
926901634,2024-01-23,Tuesday,dinner,[2],"스팸김치볶음밥&계란프라이,미역국,청파래오징어까스&타르타르소스,맑은오이지무침",804,32,1172.0,[2],19:51,True,스팸김치볶음밥,스팸김치볶음밥,2,7,7,2,0.2857142857142857,[1],12,8,2,0.25
926901637,2024-01-24,Wednesday,dinner,[1],"경상도소고기무국,잡곡밥.햄전*케첩소스,쥐어채조림,감자채볶음",721,31,1152.0,[1],19:52,True,경상도소고기무국,경상도소고기무국,2,7,7,1,0.14285714285714285,[2],9,9,1,0.1111111111111111
926901637,2024-01-24,Wednesday,dinner,[2],"돈육묵채비빔밥,시금치된장국,미니새송이버섯볶음,고들빼기무침,간장양념장",643,26,1142.0,,,False,돈육묵채비빔밥,돈육묵채비빔밥,2,9,9,1,0.1111111111111111,[1],7,7,1,0.14285714285714285
926901640,2024-01-25,Thursday,dinner,[1],"황태해장국,잡곡밥,미니떡갈비조림,탕평채,청경채나물",802,33,1173.0,,,False,황태해장국,황태해장국,2,5,2,0,,[2],1,1,0,
926901640,2024-01-25,Thursday,dinner,[2],"오징어볶음덮밥,감자양파국,교자만두탕수,궁채절임",764,32,1168.0,[2],19:38,True,오징어볶음덮밥,오징어볶음덮밥,2,1,1,0,,[1],5,2,0,
926901645,2024-01-29,Monday,dinner,[1],"육개장,잡곡밥,모듬장조림,명엽채볶음,청경채나물",724,34,1165.0,,,False,육개장,육개장,2,3,3,1,0.3333333333333333,[2],2,2,1,
926901645,2024-01-29,Monday,dinner,[2],"나시고랭,쌀국수국물,오징어볼&어니언링&칠리소스,양파피클",773,35,1168.0,,,False,나시고랭,나시고랭,2,2,2,1,,[1],3,3,1,0.3333333333333333
926901647,2024-01-30,Tuesday,dinner,[1],"안동찜닭,잡곡밥,얼갈이된장국,건새우마늘쫑볶음,우엉참깨무침",931,44,1172.0,[1],19:49,True,안동찜닭,안동찜닭,2,5,5,2,0.4,[2],2,2,0,
926901647,2024-01-30,Tuesday,dinner,[2],"소보로비빔밥,다시마무채국,새우튀김*타르타르S,시래기된장지짐",720,27,1134.0,,,False,소보로비빔밥,소보로비빔밥,2,2,2,0,,[1],5,5,2,0.4
926901649,2024-01-31,Wednesday,dinner,[1],"불고기퀘사디아,크림수프,양념감자튀김,적채무피클,사워크림&살사소스",689,29,1175.0,[1],19:57,True,불고기퀘사디아,불고기퀘사디아,2,4,4,1,0.25,[2],1,1,0,
926901649,2024-01-31,Wednesday,dinner,[2],"사골우거지탕,잡곡밥,오징어채소무침,고구마순들깨볶음,브로콜리숙회",706,35,1159.0,,,False,사골우거지탕,사골우거지탕,2,1,1,0,,[1],4,4,1,0.25
926901653,2024-02-01,Thursday,dinner,[1],"부타야끼우동,우동국물,야채튀김*초간장,오복지무침",723,31,1148.0,,,False,부타야끼우동,부타야끼우동,2,0,0,0,,[2],2,2,0,
926901653,2024-02-01,Thursday,dinner,[2],"훈제오리구이,잡곡밥,콩나물김치국,사각어묵볶음,무쌈&머스타드S",810,36,1152.0,[2],19:44,True,훈제오리구이,훈제오리구이,2,2,2,0,,[1],0,0,0,
926901658,2024-02-05,Monday,dinner,[1],"땡초우동,유부초밥,씨앗닭강정,한입단무지",943,40,1148.0,,,False,땡초우동,땡초우동,2,2,2,2,,[2],2,2,0,
926901658,2024-02-05,Monday,dinner,[2],"버섯무채영양밥,돈육고추장찌개,미트볼채소조림,쥐어채볶음,풀무원조미김",798,34,1129.0,[2],19:55,True,버섯무채영양밥,버섯무채영양밥,2,2,2,0,,[1],2,2,2,
926901660,2024-02-06,Tuesday,dinner,[1],"동태지리탕,잡곡밥,동그랑땡전,미역줄기볶음,얼갈이된장나물",913,46,1111.0,[1],19:56,True,동태지리탕,동태지리탕,2,4,4,2,0.5,[2],3,3,0,0.0
926901660,2024-02-06,Tuesday,dinner,[2],"불닭덮밥,맑은유부국,고구마샐러드,브로콜리흑임자무침",778,31,1128.0,,,False,불닭덮밥,불닭덮밥,2,3,3,0,0.0,[1],4,4,2,0.5
926901663,2024-02-07,Wednesday,dinner,[1],"매콤제육볶음,잡곡밥,콩나물국,들깨무나물,명엽채볶음",926,46,1135.0,,,False,매콤제육볶음,매콤제육볶음,2,4,4,2,0.5,[2],10,9,5,0.5555555555555556
926901663,2024-02-07,Wednesday,dinner,[2],"옛날카레라이스,미소시루,멘치까스*머스타드S,적채무초절임",923,35,1143.0,[2],19:50,True,옛날카레라이스,옛날카레라이스,2,10,9,5,0.5555555555555556,[1],4,4,2,0.5
926901669,2024-02-13,Tuesday,dinner,[1],"매콤닭볶음탕,잡곡밥,시금치된장국,순두부샐러드&오리엔탈S,명엽채조림",946,45,1162.0,[1],19:57,True,매콤닭볶음탕,매콤닭볶음탕,2,9,7,1,0.14285714285714285,[2],9,9,0,0.0
926901669,2024-02-13,Tuesday,dinner,[2],"참치마요데리야끼덮밥,미소시루,교자만두강정,오복지무침",874,35,1121.0,,,False,참치마요데리야끼덮밥,참치마요데리야끼덮밥,2,9,9,0,0.0,[1],9,7,1,0.14285714285714285
926901672,2024-02-14,Wednesday,dinner,[1],"나가사끼짬뽕,쌀밥(소),깐풍육,적채무피클",899,36,1183.0,[1],19:44,True,나가사끼짬뽕,나가사끼짬뽕,2,4,4,2,0.5,[2],4,4,0,0.0
926901672,2024-02-14,Wednesday,dinner,[2],"소고기숙주볶음,잡곡밥,호박양파국,맛살채소볶음,다시마쌈&초고추장",634,30,1137.0,,,False,소고기숙주볶음,소고기숙주볶음,2,4,4,0,0.0,[1],4,4,2,0.5
926901674,2024-02-15,Thursday,dinner,[1],"통마늘돼지불백,잡곡밥,얼갈이된장국,건새우매콤무조림,양념깻잎지",911,43,1178.0,[1],19:53,True,통마늘돼지불백,통마늘돼지불백,2,7,7,2,0.2857142857142857,[2],6,6,3,0.5
926901674,2024-02-15,Thursday,dinner,[2],"<신메뉴>로제마라떡복이,계란파국,꿔바로우,한입단무지",948,36,1184.0,,,False,로제마라떡복이,로제마라떡볶이,2,6,6,3,0.5,[1],7,7,2,0.2857142857142857
926901680,2024-02-19,Monday,dinner,[1],"황태해장국,잡곡밥,섭산적구이,고추장감자조림,고들빼기무침",651,31,1139.0,,,False,황태해장국,황태해장국,2,6,3,0,0.0,[2],3,3,0,0.0
926901680,2024-02-19,Monday,dinner,[2],"돈목살김치필라프&계란프라이,다시마무채국,새우까스*타르타르S,양배추적채피클",773,33,1151.0,[2],19:37,True,돈목살김치필라프,돈목살김치필라프,2,3,3,0,0.0,[1],6,3,0,0.0
926901682,2024-02-20,Tuesday,dinner,[1],"볼락구이,잡곡밥,된장찌개,비엔나소시지채소볶음,숙주나물무침",712,36,1124.0,,,False,볼락구이,볼락구이,2,3,3,1,0.3333333333333333,[2],3,3,1,0.3333333333333333
926901682,2024-02-20,Tuesday,dinner,[2],"팟카파오무쌉,쌀국수국물,모듬춘권*칠리소스,양파피클",613,26,1141.0,,,False,팟카파오무쌉,팟카파오무쌉,2,3,3,1,0.3333333333333333,[1],3,3,1,0.3333333333333333
926901684,2024-02-21,Wednesday,dinner,[1],"뼈없는감자탕,잡곡밥,메추리알장조림,느타리버섯볶음,고춧잎무침",901,51,1163.0,[1],19:54,True,뼈없는감자탕,감자탕,2,5,5,1,0.2,[2],1,1,0,
926901684,2024-02-21,Wednesday,dinner,[2],"멜팅치즈뉴욕핫도그&감자튀김,옥수수콘샐러드,당근라페피클,탄산음료",713,27,1172.0,,,False,멜팅치즈뉴욕핫도그,멜팅치즈뉴욕핫도그,2,1,1,0,,[1],5,5,1,0.2
926901688,2024-02-22,Thursday,dinner,[1],"쫄우동,어묵김밥,통통당면만두&비빔채소,한입단무지",756,28,1170.0,[1],19:50,True,쫄우동,쫄우동,2,2,2,1,,[2],1,1,1,
926901688,2024-02-22,Thursday,dinner,[2],"매콤오돈불고기,잡곡밥,조랭이떡국,게맛살미역줄기볶음,쥐어채조림",734,35,1146.0,,,False,매콤오돈불고기,매콤오돈불고기,2,1,1,1,,[1],2,2,1,
926901694,2024-02-26,Monday,dinner,[1],"사골양지칼국수,곤약쌀밥(소),갈비만두*초간장,풀무원칼국수김치",623,25,1182.0,,,False,사골양지칼국수,사골양지칼국수,2,3,3,1,0.3333333333333333,[2],1,1,0,
926901694,2024-02-26,Monday,dinner,[2],"제육두루치기&두부숙회,잡곡밥,콩나물국,연근땅콩조림,고들빼기무침",957,48,1174.0,[2],19:44,True,제육두루치기,제육두루치기,2,1,1,0,,[1],3,3,1,0.3333333333333333
926901696,2024-02-27,Tuesday,dinner,[1],"삼치구이,잡곡밥,얼큰고추장찌개,고사리들깨나물,마늘쫑볶음",948,47,1156.0,,,False,삼치구이,삼치구이,2,0,0,0,,[2],2,2,1,
926901696,2024-02-27,Tuesday,dinner,[2],"불고기크림리조또,치아바타&올리브발사믹오일,오이피클,탄산음ㄹ",934,37,1128.0,[2],19:49,True,불고기크림리조또,불고기크림리조또,2,2,2,1,,[1],0,0,0,
926901698,2024-02-28,Wednesday,dinner,[1],"소고기샤브샤브전골,잡곡밥,우엉파프리카볶음,단호박찜*견과시럽,샤브겨자장",644,24,1121.0,,,False,소고기샤브샤브전골,소고기샤브샤브전골,2,2,2,0,,[2],2,2,0,
926901698,2024-02-28,Wednesday,dinner,[2],"소보로비빔밥,맑은유부국,견과닭강정,미니새송이버섯볶음",687,29,1128.0,,,False,소보로비빔밥,소보로비빔밥,2,2,2,0,,[1],2,2,0,
926901700,2024-02-29,Thursday,dinner,[1],"나주곰탕,잡곡밥,계란간장조림,사각어묵볶음,맑은오이지무침",702,32,1149.0,,,False,나주곰탕,나주곰탕,2,9,6,1,0.16666666666666666,[2],2,2,0,
926901700,2024-02-29,Thursday,dinner,[2],"야채듬뿍하이라이스&그릴소시지,우동국물,고구마샐러드,블루베리무피클",928,37,1126.0,,,False,야채듬뿍하이라이스,야채듬뿍하이라이스,2,2,2,0,,[1],9,6,1,0.16666666666666666
926901703,2024-03-04,Monday,dinner,[1],"고사리알리오올리오,크림수프,미니그릴함박&구운채소,오이피클",653,28,1132.0,[1],19:46,True,고사리알리오올리오,고사리알리오올리오,2,0,0,0,,[2],17,13,1,0.07692307692307693
926901703,2024-03-04,Monday,dinner,[2],"안동국밥,잡곡밥,감자채전,들깨무나물,고춧잎무침",687,30,1148.0,,,False,안동국밥,안동국밥,2,17,13,1,0.07692307692307693,[1],0,0,0,
926901706,2024-03-05,Tuesday,dinner,[1],"철판오징어볶음&소면사리,잡곡밥,다시마무채국,쑥갓나물,우엉파프리카조림",919,37,1173.0,[1],19:38,True,철판오징어볶음,철판오징어볶음,2,7,7,0,0.0,[2],9,9,6,0.6666666666666666
926901706,2024-03-05,Tuesday,dinner,[2],"일식카레덮밥&새우튀김,우동국물,과일샐러드,락교&초생강",780,33,1146.0,,,False,일식카레덮밥,일식카레덮밥,2,9,9,6,0.6666666666666666,[1],7,7,0,0.0
926901708,2024-03-06,Wednesday,dinner,[1],"동태지리탕,잡곡밥,모듬장조림,호박새우젓볶음,미역레몬초무침",623,31,1149.0,[1],19:54,True,동태지리탕,동태지리탕,2,5,5,3,0.6,[2],6,6,3,0.5
926901708,2024-03-06,Wednesday,dinner,[2],"계란한알떡볶이,어묵국,순대찜*소금,한입단무지",632,25,1139.0,,,False,계란한알떡볶이,계란한알떡볶이,2,6,6,3,0.5,[1],5,5,3,0.6
926901712,2024-03-07,Thursday,dinner,[1],"돈육매실청불고기,잡곡밥,두부김치국,미니새송이버섯볶음,양배추쌈*쌈장",704,35,1172.0,,,False,돈육매실청불고기,돈육매실청불고기,2,9,8,2,0.25,[2],0,0,0,
926901712,2024-03-07,Thursday,dinner,[2],"삼색야끼도리덮밥,미소시루,고로케*케첩,깐마늘무침",875,44,1171.0,,,False,삼색야끼도리덮밥,삼색야끼도리덮밥,2,0,0,0,,[1],9,8,2,0.25
926901717,2024-03-11,Monday,dinner,[1],"열무비빔국수,사골파국,교자만두찜,양파간장초절임",936,37,1132.0,,,False,열무비빔국수,열무비빔국수,2,1,1,0,,[2],8,8,1,0.125
926901717,2024-03-11,Monday,dinner,[2],"순대국밥,잡곡밥,바싹김치전,감자채볶음,양념고추지무침",809,30,1126.0,,,False,순대국밥,순대국밥,2,8,8,1,0.125,[1],1,1,0,
926901719,2024-03-12,Tuesday,dinner,[1],"참치김치찌개,잡곡밥,한식잡채,고구마순들깨나물,풀무원조미김",634,25,1176.0,,,False,참치김치찌개,참치김치찌개,2,7,7,0,0.0,[2],6,5,2,0.4
926901719,2024-03-12,Tuesday,dinner,[2],"산채들기름볶음밥,팽이버섯장국,미니돈까스조림,맑은오이지무침,약고추장",788,30,1139.0,[2],19:56,True,산채들기름볶음밥,산채들기름볶음밥,2,6,5,2,0.4,[1],7,7,0,0.0
926901722,2024-03-13,Wednesday,dinner,[1],"육개장,잡곡밥,동그랑땡조림,모듬콩자반,청경채나물",692,35,1169.0,,,False,육개장,육개장,2,3,3,0,0.0,[2],1,1,0,
926901722,2024-03-13,Wednesday,dinner,[2],"지파이버거,&어니언링튀김,콘샐러드,탄산음료",868,35,1176.0,[2],19:51,True,지파이버거,지파이버거,2,1,1,0,,[1],3,3,0,0.0
926901726,2024-03-14,Thursday,dinner,[1],"<석식NEW>명란크림우동,우동국물,가라아게튀김,초생강*락교",923,37,1143.0,,,False,명란크림우동,명란크림우동,2,1,1,1,,[2],2,2,0,
926901726,2024-03-14,Thursday,dinner,[2],"사골우거지탕,잡곡밥,옛날소시지전*케첩,명엽채볶음,양념깻잎지",727,33,1183.0,,,False,사골우거지탕,사골우거지탕,2,2,2,0,,[1],1,1,1,
926901734,2024-03-18,Monday,dinner,[1],"갓돈찌개,잡곡밥,미트볼채소조림,단호박타락묵,청경채나물",819,37,1144.0,,,False,갓돈찌개,갓돈찌개,2,1,1,0,,[2],7,6,2,0.3333333333333333
926901734,2024-03-18,Monday,dinner,[2],"베이컨갈릭볶음밥,맑은팽이버섯국,새우까스&타르타르소스,마늘쫑무침",923,37,1157.0,[2],19:57,True,베이컨갈릭볶음밥,베이컨갈릭볶음밥,2,7,6,2,0.3333333333333333,[1],1,1,0,
926901736,2024-03-19,Tuesday,dinner,[1],"철판훈제오리볶음&구운양파,잡곡밥,김치국,시래기된장지짐,무쌈&머스타드소스",732,33,1154.0,,,False,철판훈제오리볶음,철판훈제오리볶음,2,2,2,1,,[2],3,3,1,0.3333333333333333
926901736,2024-03-19,Tuesday,dinner,[2],"팟카파오무쌉&계란프라이,쌀국수국물,모듬춘권*칠리소스,양파초절임",687,27,1134.0,,,False,팟카파오무쌉,팟카파오무쌉,2,3,3,1,0.3333333333333333,[1],2,2,1,
926901739,2024-03-20,Wednesday,dinner,[1],"우삼겹간장비빔국수,사골파국,오복지무침,단호박견과찜",816,33,1164.0,,,False,우삼겹간장비빔국수,우삼겹간장비빔국수,2,1,1,0,,[2],5,5,2,0.4
926901739,2024-03-20,Wednesday,dinner,[2],"뼈없는감자탕,잡곡밥,돈저냐구이,게맛살채소볶음,풋고추양파된장무침",925,44,1178.0,,,False,뼈없는감자탕,감자탕,2,5,5,2,0.4,[1],1,1,0,
926901742,2024-03-21,Thursday,dinner,[1],"매콤제육두부조림,잡곡밥,호박새우젓국,느타리버섯볶음,고춧잎무침",628,28,1182.0,,,False,매콤제육두부조림,매콤제육두부조림,2,2,2,0,,[2],10,9,6,0.6666666666666666
926901742,2024-03-21,Thursday,dinner,[2],"옛날카레라이스,우동국물,돈육땅콩강정,양배추적채초절임",933,42,1149.0,,,False,옛날카레라이스,옛날카레라이스,2,10,9,6,0.6666666666666666,[1],2,2,0,
926901749,2024-03-25,Monday,dinner,[1],"생강장돼지불고기,잡곡밥,김치콩나물국,건새우무조림,맑은오이지무침",701,32,1172.0,,,False,생강장돼지불고기,생강장돼지불고기,2,7,7,3,0.42857142857142855,[2],4,4,2,0.5
926901749,2024-03-25,Monday,dinner,[2],"마파두부덮밥,계란파국,꿔바로우,짜사이무침",923,39,1159.0,[2],19:42,True,마파두부덮밥,마파두부덮밥,2,4,4,2,0.5,[1],7,7,3,0.42857142857142855
926901751,2024-03-26,Tuesday,dinner,[1],"황태해장국,잡곡밥,도톰완자전,탕평채,미역줄기볶음",643,31,1185.0,,,False,황태해장국,황태해장국,2,5,3,0,0.0,[2],4,3,0,0.0
926901751,2024-03-26,Tuesday,dinner,[2],"잠발라야볶음밥,다시마무국,피쉬커틀릿*타르타르,쑥갓나물",951,45,1165.0,[2],19:33,True,잠발라야볶음밥,잠발라야볶음밥,2,4,3,0,0.0,[1],5,3,0,0.0
926901753,2024-03-27,Wednesday,dinner,[1],"들깨칼국수,보리밥(소),어니언떡갈비,풀무원칼국수김치",923,35,1167.0,[1],19:47,True,들깨칼국수,들깨칼국수,2,2,2,1,,[2],2,2,1,
926901753,2024-03-27,Wednesday,dinner,[2],"취나물영양밥,근대된장국,돈채볶음,숙주나물,구운김*부추양념장",613,26,1178.0,,,False,취나물영양밥,취나물영양밥,2,2,2,1,,[1],2,2,1,
926901755,2024-03-28,Thursday,dinner,[1],"차돌된장찌개,잡곡밥,계란찜,사각어묵볶음,고구마순들깨나물",728,33,1184.0,[1],19:50,True,차돌된장찌개,차돌된장찌개,2,3,3,1,0.3333333333333333,[2],2,1,0,
926901755,2024-03-28,Thursday,dinner,[2],"오야꼬동,맑은유부국,감자샐러드&요거트D,청경채마늘볶음",710,34,1153.0,,,False,오야꼬동,오야꼬동,2,2,1,0,,[1],3,3,1,0.3333333333333333
926901760,2024-04-01,Monday,dinner,[1],"철판백순대볶음,잡곡밥,김치국,감자조림,무쌈*순대양념장",953,38,1179.0,,,False,철판백순대볶음,철판백순대볶음,2,3,3,0,0.0,[2],4,4,1,0.25
926901760,2024-04-01,Monday,dinner,[2],"소불고기달걀덮밥,다시마무채국,아게다시도후,락교무침",934,44,1148.0,,,False,소불고기달걀덮밥,소불고기달걀덮밥,2,4,4,1,0.25,[1],3,3,0,0.0
926901762,2024-04-02,Tuesday,dinner,[1],"볼락한마리구이,잡곡밥,청국장찌개,부들어묵볶음,양념깻잎지",897,45,1142.0,[1],19:48,True,볼락한마리구이,볼락한마리구이,2,4,4,1,0.25,[2],3,3,1,0.3333333333333333
926901762,2024-04-02,Tuesday,dinner,[2],"장조림버터비빔밥,호박새우젓국,돈육강정,파프리카우엉볶음",916,41,1158.0,,,False,장조림버터비빔밥,장조림버터비빔밥,2,3,3,1,0.3333333333333333,[1],4,4,1,0.25
926901764,2024-04-03,Wednesday,dinner,[1],"돼지국밥,잡곡밥,매콤두부조림,청경채나물,고들빼기무침",706,35,1133.0,,,False,돼지국밥,돼지국밥,2,14,14,2,0.14285714285714285,[2],5,4,1,0.25
926901764,2024-04-03,Wednesday,dinner,[2],"나시고랭볶음밥,맑은유부국,모듬춘권*칠리,양배추적채피클",908,41,1162.0,,,False,나시고랭볶음밥,나시고랭볶음밥,2,5,4,1,0.25,[1],14,14,2,0.14285714285714285
926901767,2024-04-04,Thursday,dinner,[1],"유부쑥갓잔치국수,후리가케주먹밥,고추튀김*초간장,무말랭이무침",913,34,1142.0,,,False,유부쑥갓잔치국수,유부쑥갓잔치국수,2,4,4,2,0.5,[2],4,4,2,0.5
926901767,2024-04-04,Thursday,dinner,[2],"뼈없는닭갈비,잡곡밥,미역국,콩나물무침,상추쌈*쌈장",863,39,1159.0,,,False,뼈없는닭갈비,닭갈비,2,4,4,2,0.5,[1],4,4,2,0.5
926901772,2024-04-08,Monday,dinner,[1],"곤드레버섯영양밥,돈육고추장찌개,메추리알장조림,삼색겨자채무침,구운김*양념장",667,26,1122.0,[1],19:34,True,곤드레버섯영양밥,곤드레버섯영양밥,2,3,3,2,0.6666666666666666,[2],7,7,3,0.42857142857142855
926901772,2024-04-08,Monday,dinner,[2],"우삼겹매콤떡볶이,유부장국,모듬튀김,한입단무지",897,35,1185.0,,,False,우삼겹매콤떡볶이,우삼겹매콤떡볶이,2,7,7,3,0.42857142857142855,[1],3,3,2,0.6666666666666666
926901774,2024-04-09,Tuesday,dinner,[1],"해물야끼소바,미소시루,카레크로켓,락교&초생강",703,28,1164.0,,,False,해물야끼소바,해물야끼소바,2,0,0,0,,[2],4,4,1,0.25
926901774,2024-04-09,Tuesday,dinner,[2],"매콤제육볶음,잡곡밥,콩나물국,청경채나물,양배추쌈*쌈장",689,34,1144.0,[2],19:48,True,매콤제육볶음,매콤제육볶음,2,4,4,1,0.25,[1],0,0,0,
926901780,2024-04-11,Thursday,dinner,[1],"소불고기버섯전골,잡곡밥,부추장떡,명엽채조림,마늘쫑무침",897,40,1143.0,,,False,소불고기버섯전골,소불고기버섯전골,2,3,3,0,0.0,[2],0,0,0,
926901780,2024-04-11,Thursday,dinner,[2],"<석식신메뉴>그린빈삼겹덮밥,일식장국,단호박범벅,양배추적채초절임",931,42,1161.0,,,False,그린빈삼겹덮밥,그린빈삼겹덮밥,2,0,0,0,,[1],3,3,0,0.0
926901785,2024-04-15,Monday,dinner,[1],"소고기샤브샤브,잡곡밥,매콤두부조림,미역초절임,열무나물,&겨자장",741,35,1162.0,,,False,소고기샤브샤브,소고기샤브샤브,2,1,1,0,,[2],6,6,2,0.3333333333333333
926901785,2024-04-15,Monday,dinner,[2],"중화풍버섯잡채덮밥,계란파국,목화솜탕수육,짜사이무침",836,36,1179.0,[2],19:46,True,중화풍버섯잡채덮밥,중화풍버섯잡채덮밥,2,6,6,2,0.3333333333333333,[1],1,1,0,
926901789,2024-04-16,Tuesday,dinner,[1],"뼈없는감자탕,잡곡밥,돈저냐구이,쑥갓나물,풋고추양파무침",926,46,1182.0,[1],19:41,True,뼈없는감자탕,감자탕,2,5,5,2,0.4,[2],4,3,2,0.6666666666666666
926901789,2024-04-16,Tuesday,dinner,[2],"가츠동돈부리,미소시루,과일샐러드,블루베리무피클",934,42,1148.0,,,False,가츠동돈부리,가츠동돈부리,2,4,3,2,0.6666666666666666,[1],5,5,2,0.4
926901791,2024-04-17,Wednesday,dinner,[1],"간장닭불고기,잡곡밥,콩가루배추국,도토리묵*어린잎,무쌈겨자채",923,46,1149.0,,,False,간장닭불고기,간장닭불고기,2,3,3,2,0.6666666666666666,[2],7,6,4,0.6666666666666666
926901791,2024-04-17,Wednesday,dinner,[2],"스팸김치볶음밥&계란프라이,맑은팽이버섯국,교자만두강정,양배추적채초절임",766,34,1189.0,,,False,스팸김치볶음밥,스팸김치볶음밥,2,7,6,4,0.6666666666666666,[1],3,3,2,0.6666666666666666
926901793,2024-04-18,Thursday,dinner,[1],"동태지리탕,잡곡밥,미니돈까스조림,가지나물,시래기지짐",916,46,1184.0,,,False,동태지리탕,동태지리탕,2,5,5,4,0.8,[2],4,4,3,0.75
926901793,2024-04-18,Thursday,dinner,[2],"산채나물비빔밥,사골파국,피쉬커틀릿*타르타르S,쥐어채볶음,약고추장",891,39,1177.0,[2],19:35,True,산채나물비빔밥,산채나물비빔밥,2,4,4,3,0.75,[1],5,5,4,0.8
926901798,2024-04-22,Monday,dinner,[1],"돼지국밥,잡곡밥,매콤감자조림,명엽채볶음,부추겉절이",699,35,1158.0,,,False,돼지국밥,돼지국밥,2,15,15,1,0.06666666666666667,[2],9,8,3,0.375
926901798,2024-04-22,Monday,dinner,[2],"우삼겹할라피뇨볶음밥,미소시루,아게다시도후,궁채절임",736,29,1162.0,[2],19:58,True,우삼겹할라피뇨볶음밥,우삼겹할라피뇨볶음밥,2,9,8,3,0.375,[1],15,15,1,0.06666666666666667
926901800,2024-04-23,Tuesday,dinner,[1],"우렁강된장,꽁보리밥&계란프라이,비빔채소3종(무생채,콩나물,상추채),풀무원조미김",713,34,1172.0,,,False,우렁강된장,우렁강된장,2,0,0,0,,[2],5,5,3,0.6
926901800,2024-04-23,Tuesday,dinner,[2],"마파두부덮밥,계란파국,꿔바로우,청경채마늘볶음",934,44,1157.0,,,False,마파두부덮밥,마파두부덮밥,2,5,5,3,0.6,[1],0,0,0,
926901802,2024-04-24,Wednesday,dinner,[1],"일식카레우동,우동국물,새우튀김*타르타르S,락교&초생강",897,36,1159.0,[1],19:45,True,일식카레우동,일식카레우동,2,3,3,3,1.0,[2],3,3,0,0.0
926901802,2024-04-24,Wednesday,dinner,[2],"육개장,잡곡밥,옛날소시지전,연근조림,고춧잎무침",916,39,1174.0,,,False,육개장,육개장,2,3,3,0,0.0,[1],3,3,3,1.0
926901806,2024-04-25,Thursday,dinner,[1],"소고기숙주볶음,잡곡밥,수제비국,탕평채,호박새우젓볶음",763,36,1178.0,[1],19:46,True,소고기숙주볶음,소고기숙주볶음,2,4,4,0,0.0,[2],4,4,1,0.25
926901806,2024-04-25,Thursday,dinner,[2],"팟카파오무쌉,쌀국수국물,모듬춘권*칠리소스,양파피클",903,43,1147.0,,,False,팟카파오무쌉,팟카파오무쌉,2,4,4,1,0.25,[1],4,4,0,0.0
926901811,2024-04-29,Monday,dinner,[1],"닭볶음탕,잡곡밥,근대된장국,들깨무나물,시래기지짐",717,36,1141.0,,,False,닭볶음탕,닭볶음탕,2,9,7,1,0.14285714285714285,[2],0,0,0,
926901811,2024-04-29,Monday,dinner,[2],"청경채굴소스고기덮밥,호박양파국,유린기,짜사이무침",679,29,1181.0,[2],19:41,True,청경채굴소스고기덮밥,청경채굴소스고기덮밥,2,0,0,0,,[1],9,7,1,0.14285714285714285
926901813,2024-04-30,Tuesday,dinner,[1],"얼큰짬뽕전골,잡곡밥,미트볼채소조림,쑥갓무침,쥐어채볶음",946,43,1185.0,,,False,얼큰짬뽕전골,얼큰짬뽕전골,2,0,0,0,,[2],7,6,4,0.6666666666666666
926901813,2024-04-30,Tuesday,dinner,[2],"베이컨갈릭볶음밥,맑은팽이버섯국,새우볼꼬치,칠리소스,양배추적채초절임",703,28,1142.0,[2],19:45,True,베이컨갈릭볶음밥,베이컨갈릭볶음밥,2,7,6,4,0.6666666666666666,[1],0,0,0,
926901816,2024-05-02,Thursday,dinner,[1],"매콤돈육두부조림,잡곡밥,콩나물국,미니새송이버섯볶음,고사리나물",724,36,1154.0,,,False,매콤돈육두부조림,매콤돈육두부조림,2,2,2,0,,[2],5,5,0,0.0
926901816,2024-05-02,Thursday,dinner,[2],"야채듬뿍하이라이스&그릴소시지,우동국물,고구마샐러드&요거트S,블루베리무피클",678,27,1151.0,,,False,야채듬뿍하이라이스,야채듬뿍하이라이스,2,5,5,0,0.0,[1],2,2,0,
926901821,2024-05-07,Tuesday,dinner,[1],"생강장돼지불고기,잡곡밥,아욱된장국,연두부*양념장,고춧잎무침",648,32,1141.0,[1],19:47,True,생강장돼지불고기,생강장돼지불고기,2,9,9,4,0.4444444444444444,[2],14,13,1,0.07692307692307693
926901821,2024-05-07,Tuesday,dinner,[2],"치킨가라아게마요덮밥,우동국물,매운어묵꼬치,오복지무침",921,39,1138.0,,,False,치킨가라아게마요덮밥,치킨가라아게마요덮밥,2,14,13,1,0.07692307692307693,[1],9,9,4,0.4444444444444444
926901823,2024-05-08,Wednesday,dinner,[1],"고사리알리오올리오,브로콜리크림수프,그릴드함박*데미소스,적채무피클",744,30,1145.0,[1],19:52,True,고사리알리오올리오,고사리알리오올리오,2,1,1,1,,[2],3,3,0,0.0
926901823,2024-05-08,Wednesday,dinner,[2],"콩비지찌개,잡곡밥,야채계란찜,미역줄기볶음,고구마순나물",599,25,1173.0,,,False,콩비지찌개,콩비지찌개,2,3,3,0,0.0,[1],1,1,1,
926901826,2024-05-09,Thursday,dinner,[1],"<석식NEW>대전st황태어글탕,잡곡밥,돈육녹두전*초간장,부들어묵볶음,오이깍둑무침",923,44,1162.0,,,False,대전st황태어글탕,대전st황태어글탕,2,0,0,0,,[2],3,3,1,0.3333333333333333
926901826,2024-05-09,Thursday,dinner,[2],"장조림버터비빔밥,다시마무국,김말이만두강정,궁채절임",930,37,1158.0,[2],19:35,True,장조림버터비빔밥,장조림버터비빔밥,2,3,3,1,0.3333333333333333,[1],0,0,0,
926901832,2024-05-13,Monday,dinner,[1],"열무비빔국수,다시마무채국,간장견과닭강정,맑은오이지",840,36,1167.0,[1],19:42,True,열무비빔국수,열무비빔국수,2,2,2,0,,[2],4,4,1,0.25
926901832,2024-05-13,Monday,dinner,[2],"떡만두국,잡곡밥(소),바싹김치전,우엉파프리카볶음,고사리나물",945,35,1179.0,,,False,떡만두국,떡만두국,2,4,4,1,0.25,[1],2,2,0,
926901835,2024-05-14,Tuesday,dinner,[1],"동태지리탕,잡곡밥,비엔나소시지케첩조림,파래자반,청경채나물",879,40,1184.0,,,False,동태지리탕,동태지리탕,2,5,5,3,0.6,[2],5,4,2,0.5
926901835,2024-05-14,Tuesday,dinner,[2],"나시고랭볶음밥,쌀국수국물,모듬춘권&칠리소스,채소피클",822,33,1161.0,[2],19:33,True,나시고랭볶음밥,나시고랭볶음밥,2,5,4,2,0.5,[1],5,5,3,0.6
926901839,2024-05-16,Thursday,dinner,[1],"통마늘돼지불백,잡곡밥,얼갈이된장국,쥐어채볶음,고들빼기무침",934,47,1154.0,[1],19:55,True,통마늘돼지불백,통마늘돼지불백,2,7,7,3,0.42857142857142855,[2],2,2,0,
926901839,2024-05-16,Thursday,dinner,[2],"불닭덮밥,맑은유부국,콘치즈마카로니구이,유자꼬들단무지",779,33,1192.0,,,False,불닭덮밥,불닭덮밥,2,2,2,0,,[1],7,7,3,0.42857142857142855
926901844,2024-05-20,Monday,dinner,[1],"참치김치찌개,잡곡밥,한식잡채,호박새우젓볶음,궁채절임",701,28,1182.0,,,False,참치김치찌개,참치김치찌개,2,6,6,0,0.0,[2],6,6,1,0.16666666666666666
926901844,2024-05-20,Monday,dinner,[2],"소불고기달걀덮밥,맑은유부국,고구마맛탕,오이깍두기",916,39,1145.0,,,False,소불고기달걀덮밥,소불고기달걀덮밥,2,6,6,1,0.16666666666666666,[1],6,6,0,0.0
926901846,2024-05-21,Tuesday,dinner,[1],"철판볼락한마리구이,잡곡밥,청국장찌개,열무나물,삼색겨자채무침",607,30,1171.0,,,False,철판볼락한마리구이,철판볼락한마리구이,2,4,4,2,0.5,[2],8,7,2,0.2857142857142857
926901846,2024-05-21,Tuesday,dinner,[2],"우삼겹깍두기볶음밥,맑은팽이버섯국,피쉬커틀릿&타르타르S,꿀토마토",698,33,1169.0,[2],19:49,True,우삼겹깍두기볶음밥,우삼겹깍두기볶음밥,2,8,7,2,0.2857142857142857,[1],4,4,2,0.5
926901848,2024-05-22,Wednesday,dinner,[1],"안동국밥,잡곡밥,궁중떡볶이,미역줄기볶음,양념깻잎지",833,35,1129.0,,,False,안동국밥,안동국밥,2,16,12,0,0.0,[2],1,1,1,
926901848,2024-05-22,Wednesday,dinner,[2],"지파이버거,&감자튀김*케첩,양배추적채피클,탄산음료",842,34,1163.0,[2],19:55,True,지파이버거,지파이버거,2,1,1,1,,[1],16,12,0,0.0
926901851,2024-05-23,Thursday,dinner,[1],"간장닭불고기,잡곡밥,콩가루배추국,건새우무조림,쑥갓나물무침",934,47,1183.0,,,False,간장닭불고기,간장닭불고기,2,4,4,2,0.5,[2],7,7,3,0.42857142857142855
926901851,2024-05-23,Thursday,dinner,[2],"옛날카레라이스&칼집소시지,우동국물,과일샐러드,블루베리무피클",962,38,1163.0,[2],19:44,True,옛날카레라이스,옛날카레라이스,2,7,7,3,0.42857142857142855,[1],4,4,2,0.5
926901856,2024-05-27,Monday,dinner,[1],"뼈없는감자탕,잡곡밥,옛날소시지전*케첩,쥐어채볶음,풋고추양파된장무침",937,45,1184.0,,,False,뼈없는감자탕,감자탕,2,5,5,3,0.6,[2],5,5,0,0.0
926901856,2024-05-27,Monday,dinner,[2],"야채듬뿍하이라이스,맑은유부국,새우까스*칠리S,미니새송이초절임",936,35,1171.0,[2],19:43,True,야채듬뿍하이라이스,야채듬뿍하이라이스,2,5,5,0,0.0,[1],5,5,3,0.6
926901858,2024-05-28,Tuesday,dinner,[1],"삼치구이,잡곡밥,고추장찌개,부들어묵볶음,오이부추무침",743,37,1129.0,[1],19:45,True,삼치구이,삼치구이,2,1,1,0,,[2],3,2,1,
926901858,2024-05-28,Tuesday,dinner,[2],"가츠동돈부리,미소시루,감자옥수수범벅,레몬해초무침",947,40,1163.0,,,False,가츠동돈부리,가츠동돈부리,2,3,2,1,,[1],1,1,0,
926901860,2024-05-29,Wednesday,dinner,[1],"북어채해장국,잡곡밥,언양식불고기&파채무침,브로콜리통마늘볶음,양념깻잎지",752,32,1149.0,,,False,북어채해장국,북어채해장국,2,1,1,0,,[2],4,4,3,0.75
926901860,2024-05-29,Wednesday,dinner,[2],"산채나물비빔밥,사골파국,통살오징어바*타르타르S,단호박단팥찜,약고추장",932,37,1172.0,[2],19:41,True,산채나물비빔밥,산채나물비빔밥,2,4,4,3,0.75,[1],1,1,0,
926901862,2024-05-30,Thursday,dinner,[1],"소고기샤브샤브*겨자장,잡곡밥,호박볶음,우엉채조림,고들빼기무침",638,30,1153.0,,,False,소고기샤브샤브,소고기샤브샤브,2,1,1,0,,[2],4,4,2,0.5
926901862,2024-05-30,Thursday,dinner,[2],"마파두부덮밥,계란파국,군만두유린기,짜사이무침",875,42,1176.0,,,False,마파두부덮밥,마파두부덮밥,2,4,4,2,0.5,[1],1,1,0,
