menu,menu_comp,etc,high_cat,med_cat,ingredient
투움바파스타,"['투움바', '파스타']",[],파스타,,['투움바']
닭곰탕,"['닭', '곰', '탕']",[],탕,곰,['닭']
육감쫄면,"['육감', '쫄', '면']",['육감'],면,쫄,
차돌된장찌개,"['차돌', '된장', '찌개']",[],찌개,,"['된장', '차돌']"
매실청돈육불고기,"['매실청', '돼지', '불고기']",[],,,"['불고기', '돼지', '매실청']"
표고버섯새우볶음밥,"['버섯', '버섯', '새우', '볶음', '밥']",[],밥,볶음,"['버섯', '새우']"
경상도식소고기무국,"['경상도', '식', '소', '무', '국']","['경상도', '식']",국,,"['소', '무']"
스팸마요덮밥,"['햄', '마요', '덮', '밥']",[],밥,덮,"['햄', '마요']"
제육볶음,"['제육', '볶음']",[],볶음,,['제육']
경양식치즈돈까스,"['경양식', '치즈', '돼지', '까스']",['경양식'],까스,,"['치즈', '돼지']"
우렁된장찌개,"['우렁', '된장', '찌개']",[],찌개,,"['된장', '우렁']"
장조림버터비빔밥,"['장조림', '버터', '비빔', '밥']",[],밥,비빔,"['장조림', '버터']"
우육탕면,"['소', '탕', '면']",[],면,탕,['소']
훈제오리볶음,"['훈제', '오리', '볶음']",['훈제'],볶음,,['오리']
얼큰순대국밥,"['얼큰', '순대', '국', '밥']",['얼큰'],밥,국,['순대']
지파이버거,"['지파이', '버거']",[],버거,,['지파이']
뚝배기소불고기,"['뚝배기', '소', '불고기']",['뚝배기'],,,"['불고기', '소']"
잠발라야볶음밥,"['잠발라야', '볶음', '밥']",[],밥,볶음,['잠발라야']
황태미역국,"['황태', '미역', '국']",[],국,,"['황태', '미역']"
가쓰오해물나시고랭,"['가쓰오', '해물', '나시고랭']",[],나시고랭,,"['가쓰오', '해물']"
닭볶음탕,"['닭', '볶음', '탕']",[],탕,볶음,['닭']
명란마요규동,"['명란', '마요', '소', '동']",[],동,,"['소', '명란', '마요']"
잔치국수,"['잔치', '국수']",[],국수,잔치,
고갈비구이,"['고등어', '구이']",[],구이,,['고등어']
치즈김치돌솥비빔밥,"['치즈', '김치', '돌솥', '비빔', '밥']",['돌솥'],밥,비빔,"['치즈', '김치']"
고추장삼겹살구이,"['고추장', '삼겹', '구이']",[],구이,,"['삼겹', '고추장']"
일식커리 라이스,"['일식', '카레', '밥']",['일식'],밥,,['카레']
참치김치찌개,"['참치', '김치', '찌개']",[],찌개,,"['참치', '김치']"
소불고기달걀덮밥,"['소', '불고기', '계란', '덮', '밥']",[],밥,덮,"['불고기', '소', '계란']"
비빔막국수,"['비빔', '막', '국수']",['비빔'],국수,막,
소불고기솥밥,"['소', '불고기', '돌솥', '밥']",[],밥,돌솥,"['불고기', '소']"
분짜,['분짜'],[],분짜,,
매콤닭불고기,"['매콤', '닭', '불고기']",['매콤'],,,"['불고기', '닭']"
불고기퀘사디아,"['불고기', '퀘사디아']",[],퀘사디아,,['불고기']
돈목살김치찜,"['돼지', '김치', '찜']",[],찜,,"['돼지', '김치']"
식물성미트라구소스파스타,"['식물성', '미트', '라구', '소스', '파스타']","['식물성', '소스']",파스타,,"['미트', '라구']"
열무김치보리비빔밥,"['열무', '김치', '보리', '비빔', '밥']",[],밥,비빔,"['열무', '보리', '김치']"
전주콩나물국밥,"['전주', '콩나물', '국', '밥']",['전주'],밥,국,['콩나물']
시래기두루치기덮밥,"['시래기', '두루치기', '덮', '밥']",[],밥,덮,"['시래기', '두루치기']"
닭개장,"['닭', '개장']",[],개장,,['닭']
베이컨갈릭볶음밥,"['베이컨', '마늘', '볶음', '밥']",[],밥,볶음,"['마늘', '베이컨']"
왕만두떡국,"['왕만두', '떡', '국']",[],국,,"['떡', '왕만두']"
치즈부대전골,"['치즈', '부대', '전골']",[],전골,,"['치즈', '부대']"
고구마무스돈까스,"['고구마', '무스', '돼지', '까스']",['무스'],까스,,"['돼지', '고구마']"
소고기샤브전골,"['소', '샤브', '전골']",[],전골,,"['샤브', '소']"
오징어볶음덮밥,"['오징어', '볶음', '덮', '밥']",[],밥,덮,"['오징어', '볶음']"
나가사키짬뽕,"['나가사키', '짬뽕']",['나가사키'],짬뽕,,
반반불고기,"['반반', '불고기']",['반반'],,,['불고기']
닭보쌈,"['닭', '보쌈']",[],보쌈,,['닭']
돈목살김치필라프,"['돼지', '김치', '필라프']",[],필라프,,"['돼지', '김치']"
소고기미역국,"['소', '미역', '국']",[],국,,"['소', '미역']"
중화풍버섯잡채덮밥,"['중화풍', '버섯', '잡채', '덮', '밥']",['중화풍'],밥,덮,"['버섯', '잡채']"
모듬어묵전골,"['모듬', '어묵', '전골']",['모듬'],전골,,['어묵']
산채들기름비빔밥,"['나물', '들기름', '비빔', '밥']",[],밥,비빔,"['나물', '들기름']"
통삼겹스테이크,"['통', '삼겹', '스테이크']",['통'],스테이크,,['삼겹']
소고기숙주볶음,"['소', '숙주', '볶음']",[],볶음,,"['소', '숙주']"
누룽지봉추찜닭,"['누룽지', '봉추', '찜', '닭']",['봉추'],찜,,"['누룽지', '닭']"
경양식오므라이스,"['경양식', '오므', '밥']",['경양식'],밥,오므,
콩비지찌개,"['콩비지', '찌개']",[],찌개,,['콩비지']
장터국밥,"['장터', '국', '밥']",['장터'],밥,국,
가라아게마요덮밥,"['치킨', '마요', '덮', '밥']",[],밥,덮,"['치킨', '마요']"
통마늘돼지불백,"['통', '마늘', '돼지', '불백']",['통'],불백,,"['마늘', '돼지']"
옛날카레라이스,"['옛날', '카레', '밥']",['옛날'],밥,,['카레']
파채버섯소불고기,"['파채', '버섯', '소', '불고기']",[],,,"['불고기', '버섯', '파채', '소']"
토마토리조또,"['토마토', '리조또']",[],리조또,,['토마토']
동태지리탕,"['동태', '지리', '탕']",['지리'],탕,,['동태']
소보로비빔밥,"['소보로', '비빔', '밥']",[],밥,비빔,['소보로']
옛날짜장면,"['옛날', '짜장', '면']",['옛날'],면,,['짜장']
감자짜글이김치찌개,"['감자', '짜글이', '김치', '찌개']",[],찌개,짜글이,"['김치', '감자']"
닭갈비,"['닭', '갈비']",[],,,"['갈비', '닭']"
불고기핫도그,"['불고기', '핫도그']",[],핫도그,,['불고기']
철판오징어볶음,"['철판', '오징어', '볶음']",['철판'],볶음,,['오징어']
소고기미나리볶음밥,"['소', '미나리', '볶음', '밥']",[],밥,볶음,"['미나리', '소']"
사골우거지탕,"['사골', '우거지', '탕']",[],탕,,"['사골', '우거지']"
나주곰탕,"['나주', '곰', '탕']",['나주'],탕,곰,
매운돈까스,"['매운', '돼지', '까스']",['매운'],까스,,['돼지']
교자만두칼국수,"['교자', '만두', '칼', '국수']",[],국수,칼,"['교자', '만두']"
돈육고추장볶음,"['돼지', '고추장', '볶음']",[],볶음,,"['돼지', '고추장']"
순두부찌개,"['순두부', '찌개']",[],찌개,,['순두부']
반반카레라이스,"['반반', '카레', '밥']",['반반'],밥,,['카레']
취나물영양밥,"['취나물', '영양', '밥']",[],밥,영양,['취나물']
핫도그떡볶이,"['핫도그', '떡', '볶이']",[],볶이,,"['핫도그', '떡']"
황태해장국,"['황태', '해장', '국']",[],국,해장,['황태']
소고기할라피뇨볶음밥,"['소', '할라피뇨', '볶음', '밥']",[],밥,볶음,"['할라피뇨', '소']"
계림닭볶음탕,"['계림', '닭', '볶음', '탕']",[],탕,볶음,"['계림', '닭']"
부타동,"['돼지', '동']",[],동,,['돼지']
돌솥비빔밥,"['돌솥', '비빔', '밥']",['돌솥'],밥,비빔,
차돌부추돌솥밥,"['차돌', '부추', '돌솥', '밥']",[],밥,돌솥,"['차돌', '부추']"
투움바리조또,"['투움바', '리조또']",[],리조또,,['투움바']
전주식콩나물국밥,"['전주식', '콩나물', '국', '밥']",['전주식'],밥,국,['콩나물']
닭간장불고기,"['닭', '간장', '불고기']",[],,,"['불고기', '간장', '닭']"
고추잡채덮밥,"['고추', '잡채', '덮', '밥']",[],밥,덮,"['잡채', '고추']"
명란크림파스타,"['명란', '크림', '파스타']",[],파스타,,"['크림', '명란']"
감자탕,"['감자', '탕']",[],탕,,['감자']
설렁탕,"['설렁', '탕']",[],탕,설렁,
나시고랭,['나시고랭'],[],나시고랭,,
가츠동돈부리,"['가츠', '동', '돈부리']",[],돈부리,,"['가츠', '동']"
오징어돈육두루치기,"['오징어', '돼지', '두루치기']",[],두루치기,,"['오징어', '돼지']"
두부카츠채소덮밥,"['두부', '까스', '야채', '덮', '밥']",[],밥,덮,"['야채', '두부', '까스']"
철판백순대볶음,"['철판', '백', '순대', '볶음']","['철판', '백']",볶음,,['순대']
소고기우엉볶음밥,"['소', '우엉', '볶음', '밥']",[],밥,볶음,"['소', '우엉']"
초계국수,"['초계', '국수']",[],국수,,['초계']
육개장,"['육', '개장']",[],개장,,['육']
떙초어묵우동,"['떙초', '어묵', '우동']",['떙초'],우동,,['어묵']
하이라이스,"['하이', '밥']",[],밥,하이,
돼지국밥,"['돼지', '국', '밥']",[],밥,국,['돼지']
삼색야끼도리덮밥,"['삼색', '야끼도리', '덮', '밥']",['삼색'],밥,덮,['야끼도리']
떡만두국,"['떡', '만두', '국']",[],국,,"['떡', '만두']"
차돌깍두기볶음밥,"['차돌', '깍두기', '볶음', '밥']",[],밥,볶음,"['차돌', '깍두기']"
소고기샤브샤브,"['소', '샤브']",[],,,"['샤브', '소']"
오징어비빔밥,"['오징어', '비빔', '밥']",[],밥,비빔,['오징어']
느타리버섯무밥,"['버섯', '버섯', '무', '밥']",[],밥,,"['버섯', '무']"
마파두부덮밥,"['마파두부', '덮', '밥']",[],밥,덮,['마파두부']
치뱅이,"['치', '뱅']","['치', '뱅']",,,['치뱅이']
맑은소고기무국,"['맑은', '소', '무', '국']",['맑은'],국,,"['소', '무']"
양지탕,"['양지', '탕']",[],탕,,['양지']
돈목살필라프,"['돼지', '필라프']",[],필라프,,['돼지']
고사리오일파스타,"['고사리', '오일', '파스타']",[],파스타,,"['고사리', '오일']"
뚝배기버섯소불고기,"['뚝배기', '버섯', '소', '불고기']",['뚝배기'],,,"['불고기', '버섯', '소']"
유부쑥갓잔치국수,"['유부', '쑥갓', '잔치', '국수']",[],국수,잔치,"['쑥갓', '유부']"
매콤콩나물돈육불고기,"['매콤', '콩나물', '돼지', '불고기']",['매콤'],,,"['불고기', '돼지', '콩나물']"
라따뚜이오므라이스,"['라따뚜이', '오므', '밥']",[],밥,오므,['라따뚜이']
간장불고기묵채비빔밥,"['간장', '불고기', '묵채', '비빔', '밥']",[],밥,비빔,"['불고기', '묵채', '간장']"
멜팅치즈돈까스,"['멜팅', '치즈', '돼지', '까스']",['멜팅'],까스,,"['치즈', '돼지']"
돼지양념구이,"['돼지', '양념', '구이']",['양념'],구이,,['돼지']
마라탕면,"['마라', '탕', '면']",[],면,탕,['마라']
산채보리비빔밥,"['나물', '보리', '비빔', '밥']",[],밥,비빔,"['나물', '보리']"
새우볶음밥,"['새우', '볶음', '밥']",[],밥,볶음,['새우']
콩국수,"['콩', '국수']",[],국수,,['콩']
춘천식닭갈비,"['춘천식', '닭', '갈비']",['춘천식'],,,"['갈비', '닭']"
동태매운탕,"['동태', '매운', '탕']",['매운'],탕,,['동태']
꼬막영양밥,"['꼬막', '영양', '밥']",[],밥,영양,['꼬막']
매콤제육볶음,"['매콤', '제육', '볶음']",['매콤'],볶음,,['제육']
강황밥,"['강황', '밥']",[],밥,,['강황']
뉴욕칠리핫도그,"['뉴욕', '칠리', '핫도그']",['뉴욕'],핫도그,,['칠리']
사골만두전골,"['사골', '만두', '전골']",[],전골,,"['만두', '사골']"
자반고등어구이,"['자반', '고등어', '구이']",['자반'],구이,,['고등어']
묵은지닭두루치기,"['묵은지', '닭', '두루치기']",[],두루치기,,"['묵은지', '닭']"
베이컨바질크림떡볶이,"['베이컨', '바질', '크림', '떡', '볶이']",[],볶이,,"['크림', '바질', '베이컨', '떡']"
뚝배기김치우동,"['뚝배기', '김치', '우동']",['뚝배기'],우동,,['김치']
베테랑칼국수,"['베테랑', '칼', '국수']",['베테랑'],국수,칼,
우삼겹부추돌솥밥,"['우삼겹', '부추', '돌솥', '밥']",[],밥,돌솥,"['부추', '우삼겹']"
아몬드크럼블돈까스,"['아몬드', '크럼블', '돼지', '까스']",[],까스,,"['돼지', '아몬드', '크럼블']"
알리오올리오파스타,"['알리오올리오', '파스타']",[],파스타,,['알리오올리오']
미나리나주곰탕,"['미나리', '나주', '곰', '탕']",['나주'],탕,곰,['미나리']
메밀냉소바,"['메밀', '냉', '소바']",[],소바,냉,['메밀']
고추장삼겹살,"['고추장', '삼겹']",[],,,"['삼겹', '고추장']"
가라아게파채덮밥,"['치킨', '파채', '덮', '밥']",[],밥,덮,"['파채', '치킨']"
순대국밥,"['순대', '국', '밥']",[],밥,국,['순대']
소고기깍두기볶음밥,"['소', '깍두기', '볶음', '밥']",[],밥,볶음,"['깍두기', '소']"
통오징어숙회물국수,"['통', '오징어', '숙', '회', '물', '국수']","['통', '숙', '회']",국수,물,['오징어']
김치돈육두루치기,"['김치', '돼지', '두루치기']",[],두루치기,,"['돼지', '김치']"
버섯불고기전골,"['버섯', '불고기', '전골']",[],전골,,"['불고기', '버섯']"
해물필라프,"['해물', '필라프']",[],필라프,,['해물']
들깨북어콩나물해장국,"['들깨', '북어', '콩나물', '해장', '국']",[],국,해장,"['북어', '들깨', '콩나물']"
아라비아따파스타,"['토마토', '파스타']",[],파스타,,['토마토']
열무김치비빔국수,"['열무', '김치', '비빔', '국수']",[],국수,비빔,"['열무', '김치']"
짜글이김치찌개,"['짜글이', '김치', '찌개']",[],찌개,짜글이,['김치']
일식카레라이스,"['일식', '카레', '밥']",['일식'],밥,,['카레']
사천해물짜장면,"['사천', '해물', '짜장', '면']",['사천'],면,,"['짜장', '해물']"
경양식돈까스,"['경양식', '돼지', '까스']",['경양식'],까스,,['돼지']
매콤콩나물두루치기,"['매콤', '콩나물', '두루치기']",['매콤'],두루치기,,['콩나물']
유부주머니어묵전골,"['유부', '주머니', '어묵', '전골']",['주머니'],전골,,"['어묵', '유부']"
소보로돌솥비빔밥,"['소보로', '돌솥', '비빔', '밥']",['돌솥'],밥,비빔,['소보로']
치킨데리야끼덮밥,"['치킨', '데리야끼', '덮', '밥']",[],밥,덮,"['데리야끼', '치킨']"
불고기크림리조또,"['불고기', '크림', '리조또']",[],리조또,,"['불고기', '크림']"
볼락한마리구이,"['볼락', '한마리', '구이']",['한마리'],구이,,['볼락']
산채들기름볶음밥,"['나물', '들기름', '볶음', '밥']",[],밥,볶음,"['나물', '들기름']"
말복특식닭다리살스테이크,"['말복', '특식', '닭', '스테이크']","['말복', '특식']",스테이크,,['닭']
물냉면,"['물', '냉', '면']",['물'],면,냉,
돈육생강장불고기,"['돼지', '생강장', '불고기']",[],,,"['불고기', '돼지', '생강장']"
중화식버섯잡채덮밥,"['중화식', '버섯', '잡채', '덮', '밥']",['중화식'],밥,덮,"['버섯', '잡채']"
소고기된장찌개,"['소', '된장', '찌개']",[],찌개,,"['된장', '소']"
부타야끼소바,"['돼지', '야끼', '소바']",[],소바,야끼,['돼지']
헬시데이곤약쌀불고기덮밥,"['시', '데이', '곤약', '쌀', '불고기', '덮', '밥']","['시', '데이']",밥,덮,"['곤약', '쌀', '불고기']"
햄마늘쫑볶음밥,"['햄', '마늘쫑', '볶음', '밥']",[],밥,볶음,"['햄', '마늘쫑']"
해물나시고랭,"['해물', '나시고랭']",[],나시고랭,,['해물']
바질페스토파스타,"['바질', '페스', '토', '파스타']","['페스', '토']",파스타,,['바질']
불닭마요덮밥,"['불닭', '마요', '덮', '밥']",[],밥,덮,"['마요', '불닭']"
김치말이국수,"['김치', '말이', '국수']",['말이'],국수,,['김치']
철판훈제오리볶음,"['철판', '훈제', '오리', '볶음']","['철판', '훈제']",볶음,,['오리']
낙삼새,['낙삼새'],[],,,['낙삼새']
버섯소불고기,"['버섯', '소', '불고기']",[],,,"['불고기', '버섯', '소']"
매콤열무돈육덮밥,"['매콤', '열무', '돼지', '덮', '밥']",['매콤'],밥,덮,"['열무', '돼지']"
얼큰동태찌개,"['얼큰', '동태', '찌개']",['얼큰'],찌개,,['동태']
버섯곤드레영양밥,"['버섯', '곤드레', '영양', '밥']",[],밥,영양,"['버섯', '곤드레']"
매콤국물떡볶이,"['매콤', '국물', '떡', '볶이']","['매콤', '국물']",볶이,,['떡']
유부잔치국수,"['유부', '잔치', '국수']",[],국수,잔치,['유부']
가라아게파채마요덮밥,"['치킨', '파채', '마요', '덮', '밥']",[],밥,덮,"['파채', '치킨', '마요']"
중국식볶음밥,"['중국식', '볶음', '밥']",['중국식'],밥,볶음,
소고기쌀국수,"['소', '쌀', '국수']",[],국수,쌀,['소']
불고기할라피뇨볶음밥,"['불고기', '할라피뇨', '볶음', '밥']",[],밥,볶음,"['불고기', '할라피뇨']"
오야꼬동,"['오야꼬', '동']",[],동,,['오야꼬']
나가사끼짬뽕,"['나가사끼', '짬뽕']",['나가사끼'],짬뽕,,
고등어무조림,"['고등어', '무', '조림']",[],조림,,"['고등어', '무']"
참치캔생야채비빔밥,"['참치', '캔', '생야채', '비빔', '밥']",['캔'],밥,비빔,"['생야채', '참치']"
팟카파오무쌉,['팟카파오무쌉'],[],팟카파오무쌉,,
베이컨크림리조또,"['베이컨', '크림', '리조또']",[],리조또,,"['크림', '베이컨']"
안동국밥,"['안동', '국', '밥']",['안동'],밥,국,
돈육콩나물두루치기,"['돼지', '콩나물', '두루치기']",[],두루치기,,"['돼지', '콩나물']"
소고기묵채비빔밥,"['소', '묵채', '비빔', '밥']",[],밥,비빔,"['묵채', '소']"
돈까스김치나베,"['돼지', '까스', '김치', '나베']",[],나베,,"['돼지', '까스', '김치']"
포크하이라이스,"['돼지', '하이', '밥']",[],밥,하이,['돼지']
가쓰오꼬치어묵우동,"['가쓰오', '꼬치', '어묵', '우동']",['꼬치'],우동,,"['어묵', '가쓰오']"
아롱사태스지전골,"['아롱사태', '스지', '전골']",[],전골,,"['아롱사태', '스지']"
일식카레 라이스,"['일식', '카레', '밥']",['일식'],밥,,['카레']
경상도소고기무국,"['경상도', '소', '무', '국']",['경상도'],국,,"['소', '무']"
돈육청경채굴소스덮밥,"['돼지', '청경채', '굴소스', '덮', '밥']",[],밥,덮,"['청경채', '돼지', '굴소스']"
토마토파스타,"['토마토', '파스타']",[],파스타,,['토마토']
돈육고추장불고기,"['돼지', '고추장', '불고기']",[],,,"['불고기', '돼지', '고추장']"
돈코츠라멘,"['돈코츠', '라멘']",[],라멘,,['돈코츠']
감자수제비,"['감자', '수제비']",[],수제비,,['감자']
로제치킨까스,"['로제', '치킨', '까스']",[],까스,,"['치킨', '로제']"
버섯무채영양밥,"['버섯', '무채', '영양', '밥']",[],밥,영양,"['버섯', '무채']"
두절가자미구이,"['두절', '가자미', '구이']",['두절'],구이,,['가자미']
콩나물국밥,"['콩나물', '국', '밥']",[],밥,국,['콩나물']
버섯잡채덮밥,"['버섯', '잡채', '덮', '밥']",[],밥,덮,"['버섯', '잡채']"
나시고랭볶음밥,"['나시고랭', '볶음', '밥']",[],밥,볶음,['나시고랭']
계란한알쫄면,"['계란', '한알', '쫄', '면']",['한알'],면,쫄,['계란']
어묵김치찌개,"['어묵', '김치', '찌개']",[],찌개,,"['어묵', '김치']"
식물성짜장면,"['식물성', '짜장', '면']",['식물성'],면,,['짜장']
돼지고기두부조림,"['돼지', '두부', '조림']",[],조림,,"['돼지', '두부']"
푸팟퐁커리 라이스,['밥'],[],밥,,
마제덮밥,"['마제', '덮', '밥']",[],밥,덮,['마제']
참치생야채비빔밥,"['참치', '생야채', '비빔', '밥']",[],밥,비빔,"['생야채', '참치']"
타워함박스테이크,"['타워', '함박', '스테이크']",['타워'],스테이크,함박,
땡초어묵우동,"['땡초', '어묵', '우동']",[],우동,,"['어묵', '땡초']"
피자치킨까스,"['피자', '치킨', '까스']",[],까스,,"['피자', '치킨']"
차돌짬뽕,"['차돌', '짬뽕']",[],짬뽕,,['차돌']
오징어볶음,"['오징어', '볶음']",[],볶음,,['오징어']
매콤닭두루치기,"['매콤', '닭', '두루치기']",['매콤'],두루치기,,['닭']
시래기되비지찌개,"['시래기', '되비지', '찌개']",[],찌개,,"['시래기', '되비지']"
치즈부대찌개,"['치즈', '부대', '찌개']",[],찌개,,"['치즈', '부대']"
야채듬뿍하이라이스,"['야채', '듬뿍', '하이', '밥']",['듬뿍'],밥,하이,['야채']
바지락칼제비,"['바지락', '칼제비']",[],칼제비,,['바지락']
오징어돈육불고기,"['오징어', '돼지', '불고기']",[],,,"['오징어', '돼지', '불고기']"
참치마요데리야끼덮밥,"['참치', '마요', '데리야끼', '덮', '밥']",[],밥,덮,"['데리야끼', '마요', '참치']"
뚝배기날치알밥,"['뚝배기', '날치알', '밥']",['뚝배기'],밥,,['날치알']
고등어구이,"['고등어', '구이']",[],구이,,['고등어']
베트남쌀국수,"['베트남', '쌀', '국수']",['베트남'],국수,쌀,
삼색도리야끼덮밥,"['삼색', '도리야끼', '덮', '밥']",['삼색'],밥,덮,['도리야끼']
바질크림떡볶이,"['바질', '크림', '떡', '볶이']",[],볶이,,"['크림', '바질', '떡']"
해물볶음우동,"['해물', '볶음', '우동']",[],우동,볶음,['해물']
수프카레 라이스,"['수프', '카레', '밥']",[],밥,,"['수프', '카레']"
매콤비빔국수,"['매콤', '비빔', '국수']",['매콤'],국수,비빔,
우렁강된장찌개,"['우렁', '강된장', '찌개']",[],찌개,,"['강된장', '우렁']"
명란오일파스타,"['명란', '오일', '파스타']",[],파스타,,"['명란', '오일']"
철판오징어떡볶음,"['철판', '오징어', '떡', '볶음']",['철판'],볶음,,"['오징어', '떡']"
몽골리안치킨덮밥,"['몽골리안', '치킨', '덮', '밥']",['몽골리안'],밥,덮,['치킨']
곤드레영양밥,"['곤드레', '영양', '밥']",[],밥,영양,['곤드레']
수육,['수육'],[],,,['수육']
우삼겹깍두기볶음밥,"['우삼겹', '깍두기', '볶음', '밥']",[],밥,볶음,"['깍두기', '우삼겹']"
장칼국수,"['장', '칼', '국수']",[],국수,칼,['장']
뚝배기소보로비빔밥,"['뚝배기', '소보로', '비빔', '밥']",['뚝배기'],밥,비빔,['소보로']
청국장찌개,"['청국장', '찌개']",[],찌개,,['청국장']
경양식치킨까스,"['경양식', '치킨', '까스']",['경양식'],까스,,['치킨']
짜장면,"['짜장', '면']",[],면,,['짜장']
들깨수제비,"['들깨', '수제비']",[],수제비,,['들깨']
탄탄면,"['탄탄', '면']",[],면,탄탄,
느타리버섯비프하이라이스,"['버섯', '버섯', '소', '하이', '밥']",[],밥,하이,"['버섯', '소']"
사골떡만두국,"['사골', '떡', '만두', '국']",[],국,,"['만두', '떡', '사골']"
홍합토마토파스타,"['홍합', '토마토', '파스타']",[],파스타,,"['토마토', '홍합']"
이북식닭곰탕,"['이북식', '닭', '곰', '탕']",['이북식'],탕,곰,['닭']
오므라이스,"['오므', '밥']",[],밥,오므,
뚝배기얼큰김치우동,"['뚝배기', '얼큰', '김치', '우동']","['뚝배기', '얼큰']",우동,,['김치']
눈꽃치즈돈까스,"['눈꽃', '치즈', '돼지', '까스']",['눈꽃'],까스,,"['치즈', '돼지']"
돈육두부조림,"['돼지', '두부', '조림']",[],조림,,"['돼지', '두부']"
짜글이찌개,"['짜글이', '찌개']",[],찌개,짜글이,
돈육묵채비빔밥,"['돼지', '묵채', '비빔', '밥']",[],밥,비빔,"['묵채', '돼지']"
스팸,['햄'],[],,,['햄']
아몬드크럼블치킨까스,"['아몬드', '크럼블', '치킨', '까스']",[],까스,,"['치킨', '아몬드', '크럼블']"
불닭덮밥,"['불닭', '덮', '밥']",[],밥,덮,['불닭']
바지락순두부찌개,"['바지락', '순두부', '찌개']",[],찌개,,"['순두부', '바지락']"
명란마요소고기덮밥,"['명란', '마요', '소', '덮', '밥']",[],밥,덮,"['소', '명란', '마요']"
쫄우동,"['쫄', '우동']",[],우동,쫄,
오징어떡채소볶음,"['오징어', '떡', '야채', '볶음']",[],볶음,,"['오징어', '떡', '야채']"
로스트치킨먹물리조또,"['로스트', '치킨', '먹물', '리조또']",['로스트'],리조또,,"['먹물', '치킨']"
소고기가지영양밥,"['소', '가지', '영양', '밥']",[],밥,영양,"['가지', '소']"
치킨마요덮밥,"['치킨', '마요', '덮', '밥']",[],밥,덮,"['치킨', '마요']"
버섯콩나물밥,"['버섯', '콩나물', '밥']",[],밥,,"['버섯', '콩나물']"
뚝배기해물누룽지탕,"['뚝배기', '해물', '누룽지', '탕']",['뚝배기'],탕,,"['누룽지', '해물']"
꼬치어묵잔치국수,"['꼬치', '어묵', '잔치', '국수']",['꼬치'],국수,잔치,['어묵']
얼큰돈까스나베,"['얼큰', '돼지', '까스', '나베']",['얼큰'],나베,,"['돼지', '까스']"
우불고기비빔국수,"['우불고기', '비빔', '국수']",[],국수,비빔,['우불고기']
니꾸고보우동,"['보', '우동']",['보'],우동,,
안동찜닭,"['안동', '찜', '닭']",['안동'],찜,,['닭']
일식카레우동,"['일식', '카레', '우동']",['일식'],우동,,['카레']
북어채콩나물해장국,"['북어채', '콩나물', '해장', '국']",[],국,해장,"['북어채', '콩나물']"
뚝배기홍합파스타,"['뚝배기', '홍합', '파스타']",['뚝배기'],파스타,,['홍합']
뉴욕핫도그,"['뉴욕', '핫도그']",['뉴욕'],핫도그,,
뚝배기들깨수제비,"['뚝배기', '들깨', '수제비']",['뚝배기'],수제비,,['들깨']
중화풍버섯잡채밥,"['중화풍', '버섯', '잡채', '밥']",['중화풍'],밥,,"['버섯', '잡채']"
순대전골,"['순대', '전골']",[],전골,,['순대']
우삼겹치즈깍두기볶음밥,"['우삼겹', '치즈', '깍두기', '볶음', '밥']",[],밥,볶음,"['깍두기', '치즈', '우삼겹']"
돈육매실청불고기,"['돼지', '매실청', '불고기']",[],,,"['불고기', '돼지', '매실청']"
바지락칼국수,"['바지락', '칼', '국수']",[],국수,칼,['바지락']
우삼겹봄동겉절이비빔밥,"['우삼겹', '봄동', '겉절이', '비빔', '밥']",[],밥,비빔,"['겉절이', '봄동', '우삼겹']"
불맛치즈제육덮밥,"['불맛', '치즈', '제육', '덮', '밥']",['불맛'],밥,덮,"['치즈', '제육']"
소불고기버섯전골,"['소', '불고기', '버섯', '전골']",[],전골,,"['불고기', '버섯', '소']"
채소짬뽕,"['야채', '짬뽕']",[],짬뽕,,['야채']
반반커리 라이스,"['반반', '카레', '밥']",['반반'],밥,,['카레']
제육김치두루치기,"['제육', '김치', '두루치기']",[],두루치기,,"['제육', '김치']"
스팸김치볶음밥,"['햄', '김치', '볶음', '밥']",[],밥,볶음,"['햄', '김치']"
왕갈비쌀국수,"['왕갈비', '쌀', '국수']",[],국수,쌀,['왕갈비']
날치알크림파스타,"['날치알', '크림', '파스타']",[],파스타,,"['날치알', '크림']"
차돌냉이된장찌개,"['차돌', '냉이', '된장', '찌개']",[],찌개,,"['된장', '차돌', '냉이']"
돈육김치찌개,"['돼지', '김치', '찌개']",[],찌개,,"['돼지', '김치']"
부타야끼우동,"['돼지', '야끼', '우동']",[],우동,야끼,['돼지']
훈제오리구이,"['훈제', '오리', '구이']",['훈제'],구이,,['오리']
땡초우동,"['땡초', '우동']",[],우동,,['땡초']
보리밥,"['보리', '밥']",[],밥,,['보리']
매콤닭볶음탕,"['매콤', '닭', '볶음', '탕']",['매콤'],탕,볶음,['닭']
로제마라떡볶이,"['로제', '마라', '떡', '볶이']",[],볶이,,"['떡', '마라', '로제']"
간장닭불고기,"['간장', '닭', '불고기']",[],,,"['불고기', '간장', '닭']"
즉석뚝배기날치알밥,"['즉석', '뚝배기', '날치알', '밥']","['즉석', '뚝배기']",밥,,['날치알']
볼락구이,"['볼락', '구이']",[],구이,,['볼락']
겉절이비빔밥,"['겉절이', '비빔', '밥']",[],밥,비빔,['겉절이']
멜팅치즈뉴욕핫도그,"['멜팅', '치즈', '뉴욕', '핫도그']","['멜팅', '뉴욕']",핫도그,,['치즈']
오곡찰밥,"['오곡', '찰', '밥']",['찰'],밥,,['오곡']
매콤오돈불고기,"['매콤', '오돈', '불고기']",['매콤'],,,"['불고기', '오돈']"
우삼겹묵은지솥밥,"['우삼겹', '묵은지', '돌솥', '밥']",[],밥,돌솥,"['묵은지', '우삼겹']"
사골양지칼국수,"['사골', '양지', '칼', '국수']",[],국수,칼,"['사골', '양지']"
제육두루치기,"['제육', '두루치기']",[],두루치기,,['제육']
삼치구이,"['삼치', '구이']",[],구이,,['삼치']
매콤비빔막국수,"['매콤', '비빔', '막', '국수']","['매콤', '비빔']",국수,막,
소고기샤브샤브전골,"['소', '샤브', '전골']",[],전골,,"['샤브', '소']"
경양식미트볼오므라이스,"['경양식', '미트볼', '오므', '밥']",['경양식'],밥,오므,['미트볼']
돈까스마요덮밥,"['돼지', '까스', '마요', '덮', '밥']",[],밥,덮,"['돼지', '마요', '까스']"
고사리알리오올리오,"['고사리', '알리오올리오']",[],,,"['고사리', '알리오올리오']"
누룽지닭다리백숙,"['누룽지', '닭', '백숙']",[],백숙,,"['누룽지', '닭']"
봄나물돌솥비빔밥,"['봄나물', '돌솥', '비빔', '밥']",['돌솥'],밥,비빔,['봄나물']
일식카레덮밥,"['일식', '카레', '덮', '밥']",['일식'],밥,덮,['카레']
계란한알떡볶이,"['계란', '한알', '떡', '볶이']",['한알'],볶이,,"['떡', '계란']"
돈목살간짜장면,"['돼지', '간', '짜장', '면']",['간'],면,,"['짜장', '돼지']"
뚝배기소고기짬뽕탕,"['뚝배기', '소', '짬뽕', '탕']",['뚝배기'],탕,,"['소', '짬뽕']"
치킨퀘사디아,"['치킨', '퀘사디아']",[],퀘사디아,,['치킨']
뚝배기수제비,"['뚝배기', '수제비']",['뚝배기'],수제비,,
열무비빔국수,"['열무', '비빔', '국수']",[],국수,비빔,['열무']
베트남소고기쌀국수,"['베트남', '소', '쌀', '국수']",['베트남'],국수,쌀,['소']
명란크림우동,"['명란', '크림', '우동']",[],우동,,"['크림', '명란']"
갓돈찌개,"['갓', '돼지', '찌개']",[],찌개,,"['갓', '돼지']"
고구마치즈돈까스,"['고구마', '치즈', '돼지', '까스']",[],까스,,"['치즈', '돼지', '고구마']"
우삼겹간장비빔국수,"['우삼겹', '간장', '비빔', '국수']",[],국수,비빔,"['간장', '우삼겹']"
숯불베지고추잡채덮밥,"['숯불', '베지', '고추', '잡채', '덮', '밥']","['숯불', '베지']",밥,덮,"['잡채', '고추']"
매콤제육두부조림,"['매콤', '제육', '두부', '조림']",['매콤'],조림,,"['두부', '제육']"
고등어반마리구이,"['고등어', '반마리', '구이']",['반마리'],구이,,['고등어']
찹스테이크머쉬룸크림뇨끼,"['찹스테이크', '버섯', '크림', '뇨끼']",[],뇨끼,,"['크림', '버섯', '찹스테이크']"
생강장돼지불고기,"['생강장', '돼지', '불고기']",[],,,"['불고기', '돼지', '생강장']"
얼큰닭볶음탕,"['얼큰', '닭', '볶음', '탕']",['얼큰'],탕,볶음,['닭']
미나리곰탕,"['미나리', '곰', '탕']",[],탕,곰,['미나리']
들깨칼국수,"['들깨', '칼', '국수']",[],국수,칼,['들깨']
돈목살깍두기볶음밥,"['돼지', '깍두기', '볶음', '밥']",[],밥,볶음,"['깍두기', '돼지']"
비프퀘사디아,"['소', '퀘사디아']",[],퀘사디아,,['소']
식물성표고만두순두부찌개,"['식물성', '버섯', '만두', '순두부', '찌개']",['식물성'],찌개,,"['버섯', '만두', '순두부']"
일식채소카레 라이스,"['일식', '야채', '카레', '밥']",['일식'],밥,,"['야채', '카레']"
고사리해장국,"['고사리', '해장', '국']",[],국,해장,['고사리']
불고기묵채비빔밥,"['불고기', '묵채', '비빔', '밥']",[],밥,비빔,"['불고기', '묵채']"
소고기명란마요덮밥,"['소', '명란', '마요', '덮', '밥']",[],밥,덮,"['소', '마요', '명란']"
곤드레버섯영양밥,"['곤드레', '버섯', '영양', '밥']",[],밥,영양,"['곤드레', '버섯']"
우삼겹매콤떡볶이,"['우삼겹', '매콤', '떡', '볶이']",['매콤'],볶이,,"['떡', '우삼겹']"
해물야끼소바,"['해물', '야끼', '소바']",[],소바,야끼,['해물']
그린빈삼겹덮밥,"['그린빈', '삼겹', '덮', '밥']",[],밥,덮,"['그린빈', '삼겹']"
되비지찌개,"['되비지', '찌개']",[],찌개,,['되비지']
조기한마리구이,"['조기', '한마리', '구이']",['한마리'],구이,,['조기']
멜팅치즈핫도그,"['멜팅', '치즈', '핫도그']",['멜팅'],핫도그,,['치즈']
참나물불고기파스타,"['참나물', '불고기', '파스타']",[],파스타,,"['불고기', '참나물']"
돼지불백,"['돼지', '불백']",[],불백,,['돼지']
산채나물비빔밥,"['나물', '나물', '비빔', '밥']",[],밥,비빔,['나물']
그릴함박 스테이크오므라이스,"['그릴', '함박', '스테이크', '오므', '밥']","['그릴', '함박']",밥,오므,['스테이크']
철판오징어채소볶음,"['철판', '오징어', '야채', '볶음']",['철판'],볶음,,"['오징어', '야채']"
우삼겹할라피뇨볶음밥,"['우삼겹', '할라피뇨', '볶음', '밥']",[],밥,볶음,"['할라피뇨', '우삼겹']"
소고기청국장찌개,"['소', '청국장', '찌개']",[],찌개,,"['청국장', '소']"
우렁강된장,"['우렁', '강된장']",[],,,"['강된장', '우렁']"
돼지두루치기,"['돼지', '두루치기']",[],두루치기,,['돼지']
제주고기국수,"['제주', '고기', '국수']",['제주'],국수,,['고기']
철판훈제오리,"['철판', '훈제', '오리']","['철판', '훈제']",,,['오리']
돈육고추장찌개,"['돼지', '고추장', '찌개']",[],찌개,,"['돼지', '고추장']"
청경채굴소스고기덮밥,"['청경채', '굴소스', '고기', '덮', '밥']",[],밥,덮,"['청경채', '굴소스', '고기']"
얼큰짬뽕전골,"['얼큰', '짬뽕', '전골']",['얼큰'],전골,,['짬뽕']
즉석떡볶이,"['즉석', '떡', '볶이']",['즉석'],볶이,,['떡']
매콤돈육두부조림,"['매콤', '돼지', '두부', '조림']",['매콤'],조림,,"['돼지', '두부']"
불고기이색묵비빔밥,"['불고기', '이색', '묵', '비빔', '밥']","['이색', '묵']",밥,비빔,['불고기']
스크램블명란마요덮밥,"['스크램블', '명란', '마요', '덮', '밥']",['스크램블'],밥,덮,"['명란', '마요']"
치킨가라아게마요덮밥,"['치킨', '치킨', '마요', '덮', '밥']",[],밥,덮,"['치킨', '마요']"
대전st황태어글탕,"['대전', '황태', '어글', '탕']",['대전'],탕,,"['어글', '황태']"
뚝배기감자수제비,"['뚝배기', '감자', '수제비']",['뚝배기'],수제비,,['감자']
로제파스타,"['로제', '파스타']",[],파스타,,['로제']
매콤고추장삼겹살볶음,"['매콤', '고추장', '삼겹', '볶음']",['매콤'],볶음,,"['삼겹', '고추장']"
식물성햄김치볶음밥,"['식물성', '햄', '김치', '볶음', '밥']",['식물성'],밥,볶음,"['햄', '김치']"
들기름메밀막국수,"['들기름', '메밀', '막', '국수']",[],국수,막,"['메밀', '들기름']"
얼큰깻잎칼국수,"['얼큰', '깻잎', '칼', '국수']",['얼큰'],국수,칼,['깻잎']
치즈돈까스,"['치즈', '돼지', '까스']",[],까스,,"['치즈', '돼지']"
철판볼락한마리구이,"['철판', '볼락', '한마리', '구이']","['철판', '한마리']",구이,,['볼락']
매콤항정살덮밥,"['매콤', '항정살', '덮', '밥']",['매콤'],밥,덮,['항정살']
일식부타야끼우동,"['일식', '돼지', '야끼', '우동']",['일식'],우동,야끼,['돼지']
북어채해장국,"['북어채', '해장', '국']",[],국,해장,['북어채']
철판오징어채소볶음잡곡밥,"['철판', '오징어', '야채', '볶음', '잡곡', '밥']","['철판', '잡곡']",밥,볶음,"['오징어', '야채']"
돈목살짜장면,"['돼지', '짜장', '면']",[],면,,"['짜장', '돼지']"
돈육간장불고기,"['돼지', '간장', '불고기']",[],,,"['불고기', '간장', '돼지']"
가지마파두부덮밥,"['가지', '마파두부', '덮', '밥']",[],밥,덮,"['가지', '마파두부']"
고등어,['고등어'],[],,,['고등어']
햄김치볶음밥,"['햄', '김치', '볶음', '밥']",[],밥,볶음,"['햄', '김치']"
불고기솥밥,"['불고기', '돌솥', '밥']",[],밥,돌솥,['불고기']
머쉬룸리가토니파스타,"['버섯', '리가토니', '파스타']",[],파스타,,"['리가토니', '버섯']"
황기설렁탕,"['황기', '설렁', '탕']",['황기'],탕,설렁,
우삼겹떡볶이,"['우삼겹', '떡', '볶이']",[],볶이,,"['떡', '우삼겹']"
삼겹살김치찌개,"['삼겹', '김치', '찌개']",[],찌개,,"['삼겹', '김치']"
로제돈까스,"['로제', '돼지', '까스']",[],까스,,"['돼지', '로제']"
해물볶음밥,"['해물', '볶음', '밥']",[],밥,볶음,['해물']
차슈덮밥,"['차슈', '덮', '밥']",[],밥,덮,['차슈']
모듬얼큰어묵전골,"['모듬', '얼큰', '어묵', '전골']","['모듬', '얼큰']",전골,,['어묵']
명란소고기덮밥,"['명란', '소', '덮', '밥']",[],밥,덮,"['소', '명란']"
제육돌솥비빔밥,"['제육', '돌솥', '비빔', '밥']",['돌솥'],밥,비빔,['제육']
교자칼국수,"['교자', '칼', '국수']",[],국수,칼,['교자']
라면사리부대전골,"['라면', '사리', '부대', '전골']",['사리'],전골,,"['라면', '부대']"
멕시칸돈까스,"['멕시칸', '돼지', '까스']",['멕시칸'],까스,,['돼지']
철판순대볶음,"['철판', '순대', '볶음']",['철판'],볶음,,['순대']
소고기보양전골,"['소', '보양', '전골']",['보양'],전골,,['소']
제육김치볶음,"['제육', '김치', '볶음']",[],볶음,,"['제육', '김치']"
중화풍해물잡채덮밥,"['중화풍', '해물', '잡채', '덮', '밥']",['중화풍'],밥,덮,"['잡채', '해물']"
황태비빔냉면사골파국,"['황태', '비빔', '냉', '면', '사골', '파', '국']",['비빔'],국,냉,"['파', '사골', '면', '황태']"
버터플라이고등어,"['버터플라이', '고등어']",['버터플라이'],,,['고등어']
뚝배기소불고기전골,"['뚝배기', '소', '불고기', '전골']",['뚝배기'],전골,,"['불고기', '소']"
경성함박스테이크,"['경성', '함박', '스테이크']",['경성'],스테이크,함박,
능이버섯삼계탕,"['능이', '버섯', '삼계', '탕']",[],탕,,"['삼계', '버섯', '능이']"
가지덮밥,"['가지', '덮', '밥']",[],밥,덮,['가지']
아몬드크럼블커틀릿,"['아몬드', '크럼블', '까스']",[],까스,,"['아몬드', '크럼블']"
춘천닭갈비,"['춘천', '닭', '갈비']",['춘천'],,,"['갈비', '닭']"
김치목살필라프,"['김치', '돼지', '필라프']",[],필라프,,"['돼지', '김치']"
메밀소바,"['메밀', '소바']",[],소바,,['메밀']
계림마늘닭도리탕,"['계림', '마늘', '닭', '도리', '탕']",['도리'],탕,,"['마늘', '계림', '닭']"
반반오므라이스,"['반반', '오므', '밥']",['반반'],밥,오므,
새싹삼갈비탕,"['새싹', '삼', '갈비', '탕']","['새싹', '삼']",탕,,['갈비']
뚝배기돈육두부조림,"['뚝배기', '돼지', '두부', '조림']",['뚝배기'],조림,,"['돼지', '두부']"
떡볶이돈까스,"['떡', '볶이', '돼지', '까스']",[],까스,,"['볶이', '떡', '돼지']"
불고기크림파스타,"['불고기', '크림', '파스타']",[],파스타,,"['불고기', '크림']"
두부송정국수,"['두부', '송정', '국수']",['송정'],국수,,['두부']
취나물버섯영양밥,"['취나물', '버섯', '영양', '밥']",[],밥,영양,"['버섯', '취나물']"
단호박포타쥬함박 스테이크,"['단호박', '포', '타', '쥬', '함박', '스테이크']","['포', '타', '쥬']",스테이크,함박,['단호박']
만두순두부찌개,"['만두', '순두부', '찌개']",[],찌개,,"['순두부', '만두']"
삼겹살콩나물두루치기,"['삼겹', '콩나물', '두루치기']",[],두루치기,,"['삼겹', '콩나물']"
사골왕만두떡국,"['사골', '왕만두', '떡', '국']",[],국,,"['떡', '사골', '왕만두']"
김치짜글이찌개,"['김치', '짜글이', '찌개']",[],찌개,짜글이,['김치']
치킨코돈브루,"['치킨', '까스']",[],까스,,['치킨']
마늘보쌈,"['마늘', '보쌈']",[],보쌈,,['마늘']
매콤오징어돌솥비빔밥,"['매콤', '오징어', '돌솥', '비빔', '밥']","['매콤', '돌솥']",밥,비빔,['오징어']
고구마단호박영양밥,"['고구마', '단호박', '영양', '밥']",[],밥,영양,"['단호박', '고구마']"
규동숙주덮밥,"['소', '동', '숙주', '덮', '밥']",[],밥,덮,"['소', '동', '숙주']"
얼큰소고기버섯샤브전골,"['얼큰', '소', '버섯', '샤브', '전골']",['얼큰'],전골,,"['버섯', '샤브', '소']"
해물짜장덮밥,"['해물', '짜장', '덮', '밥']",[],밥,덮,"['짜장', '해물']"
버섯돼지불고기,"['버섯', '돼지', '불고기']",[],,,"['불고기', '버섯', '돼지']"
부대전골,"['부대', '전골']",[],전골,,['부대']
황태짬뽕,"['황태', '짬뽕']",[],짬뽕,,['황태']
냉모밀,"['냉', '메밀']",[],메밀,냉,
로스트반마리치킨,"['로스트', '반마리', '치킨']","['로스트', '반마리']",,,['치킨']
쫄면,"['쫄', '면']",[],면,쫄,
추억의도시락,"['추억의', '도시락']",['추억의'],도시락,,
대패삼겹살김치찌개,"['대패', '삼겹', '김치', '찌개']",['대패'],찌개,,"['삼겹', '김치']"
열무비빔냉면,"['열무', '비빔', '냉', '면']",['비빔'],면,냉,['열무']
만두육개장,"['만두', '육', '개장']",[],개장,,"['만두', '육']"
돈육오징어볶음덮밥,"['돼지', '오징어', '볶음', '덮', '밥']",[],밥,덮,"['오징어', '볶음', '돼지']"
로제누들떡볶이,"['로제', '누', '떡', '볶이']",['누'],볶이,,"['떡', '로제']"
단호박닭볶음탕,"['단호박', '닭', '볶음', '탕']",[],탕,볶음,"['단호박', '닭']"
돈육두루치기,"['돼지', '두루치기']",[],두루치기,,['돼지']
뚝배기미트볼파스타,"['뚝배기', '미트볼', '파스타']",['뚝배기'],파스타,,['미트볼']
김치우동,"['김치', '우동']",[],우동,,['김치']
스팸부대찌개,"['햄', '부대', '찌개']",[],찌개,,"['햄', '부대']"
지코바치킨,"['치킨', '치킨']",[],,,['치킨']
통삼겹살구이,"['통', '삼겹', '구이']",['통'],구이,,['삼겹']
칼제비,['칼제비'],[],칼제비,,
반반닭구이,"['반반', '닭', '구이']",['반반'],구이,,['닭']
돈불고기어린잎비빔밥,"['돼지', '불고기', '어린잎', '비빔', '밥']",[],밥,비빔,"['불고기', '돼지', '어린잎']"
청양풍닭볶음,"['청양풍', '닭', '볶음']",['청양풍'],볶음,,['닭']
고추장제육볶음,"['고추장', '제육', '볶음']",[],볶음,,"['제육', '고추장']"
몽골리안해물볶음우동,"['몽골리안', '해물', '볶음', '우동']",['몽골리안'],우동,볶음,['해물']
베이컨크림파스타,"['베이컨', '크림', '파스타']",[],파스타,,"['크림', '베이컨']"
고구마닭갈비,"['고구마', '닭', '갈비']",[],,,"['갈비', '닭', '고구마']"
치즈함박스테이크,"['치즈', '함박', '스테이크']",[],스테이크,함박,['치즈']
고기국수,"['고기', '국수']",[],국수,,['고기']
콩나물불고기,"['콩나물', '불고기']",[],,,"['불고기', '콩나물']"
치킨치즈커틀릿,"['치킨', '치즈', '까스']",[],까스,,"['치즈', '치킨']"
스키야끼버섯전골,"['스키', '야끼', '버섯', '전골']",['스키'],전골,야끼,['버섯']
김치볶음밥,"['김치', '볶음', '밥']",[],밥,볶음,['김치']
금강산매운갈비찜,"['금강산', '매운', '갈비', '찜']","['금강산', '매운']",찜,,['갈비']
찜닭,"['찜', '닭']",[],찜,,['닭']
대동할매국수,"['동', '할매', '국수']",['할매'],국수,,['동']
오징어돈육고추장볶음,"['오징어', '돼지', '고추장', '볶음']",[],볶음,,"['오징어', '돼지', '고추장']"
베지버섯순두부찌개,"['베지', '버섯', '순두부', '찌개']",['베지'],찌개,,"['버섯', '순두부']"
반반닭불고기,"['반반', '닭', '불고기']",['반반'],,,"['불고기', '닭']"
아몬드크럼블포크커틀릿,"['아몬드', '크럼블', '돼지', '까스']",[],까스,,"['돼지', '아몬드', '크럼블']"
버터플라이고등어구이,"['버터플라이', '고등어', '구이']",['버터플라이'],구이,,['고등어']
중화풍볶음짬뽕,"['중화풍', '볶음', '짬뽕']",['중화풍'],짬뽕,볶음,
모듬햄부대찌개,"['모듬', '햄', '부대', '찌개']",['모듬'],찌개,,"['햄', '부대']"
등촌버섯칼국수,"['등촌', '버섯', '칼', '국수']",['등촌'],국수,칼,['버섯']
대파육개장,"['대파', '육', '개장']",[],개장,,"['대파', '육']"
취나물밥,"['취나물', '밥']",[],밥,,['취나물']
뚝배기토마토파스타,"['뚝배기', '토마토', '파스타']",['뚝배기'],파스타,,['토마토']
치킨,['치킨'],[],,,['치킨']
불맛제육덮밥,"['불맛', '제육', '덮', '밥']",['불맛'],밥,덮,['제육']
차돌박이순두부찌개,"['차돌', '순두부', '찌개']",[],찌개,,"['차돌', '순두부']"
봉추찜닭,"['봉추', '찜', '닭']",['봉추'],찜,,['닭']
돈육숙주볶음,"['돼지', '숙주', '볶음']",[],볶음,,"['돼지', '숙주']"
얼큰경상도소고기국밥,"['얼큰', '경상도', '소', '국', '밥']","['얼큰', '경상도']",밥,국,['소']
포크커틀릿,"['돼지', '까스']",[],까스,,['돼지']
키츠네우동,"['키츠네', '우동']",['키츠네'],우동,,
오징어돈육볶음,"['오징어', '돼지', '볶음']",[],볶음,,"['오징어', '돼지']"
치즈김치볶음밥,"['치즈', '김치', '볶음', '밥']",[],밥,볶음,"['치즈', '김치']"
찜닭덮밥,"['찜', '닭', '덮', '밥']",[],밥,덮,"['찜', '닭']"
화이타,['화이타'],[],화이타,,
참나물제육불고기,"['참나물', '제육', '불고기']",[],,,"['불고기', '참나물', '제육']"
들기름칼국수,"['들기름', '칼', '국수']",[],국수,칼,['들기름']
미트볼로제스파게티,"['미트볼', '로제', '스파게티']",[],스파게티,,"['미트볼', '로제']"
중화볶음밥,"['중화', '볶음', '밥']",['중화'],밥,볶음,
오징어콩나물비빔밥,"['오징어', '콩나물', '비빔', '밥']",[],밥,비빔,"['오징어', '콩나물']"
불고기전골,"['불고기', '전골']",[],전골,,['불고기']
구운계란카레라이스,"['계란', '카레', '밥']",[],밥,,"['카레', '계란']"
부대찌개,"['부대', '찌개']",[],찌개,,['부대']
홍합어묵전골,"['홍합', '어묵', '전골']",[],전골,,"['어묵', '홍합']"
올리브토마토파스타,"['올리브', '토마토', '파스타']",[],파스타,,"['토마토', '올리브']"
불맛치즈제육볶음,"['불맛', '치즈', '제육', '볶음']",['불맛'],볶음,,"['치즈', '제육']"
칼국수,"['칼', '국수']",[],국수,칼,
꽃도리탕,"['꽃', '도리', '탕']","['꽃', '도리']",탕,,
모듬까스,"['모듬', '까스']",['모듬'],까스,,
가쓰오볶음우동,"['가쓰오', '볶음', '우동']",[],우동,볶음,['가쓰오']
참치김치두부전골,"['참치', '김치', '두부', '전골']",[],전골,,"['두부', '참치', '김치']"
짬뽕순두부찌개,"['짬뽕', '순두부', '찌개']",[],찌개,,"['순두부', '짬뽕']"
만두전골,"['만두', '전골']",[],전골,,['만두']
스팸에그마요덮밥,"['햄', '계란', '마요', '덮', '밥']",[],밥,덮,"['햄', '마요', '계란']"
마늘찜닭,"['마늘', '찜', '닭']",[],찜,,"['마늘', '닭']"
유니짜장면,"['유니', '짜장', '면']",['유니'],면,,['짜장']
꼬막비빔밥,"['꼬막', '비빔', '밥']",[],밥,비빔,['꼬막']
어묵전골,"['어묵', '전골']",[],전골,,['어묵']
칠리소시지핫도그,"['칠리', '소세지', '핫도그']",[],핫도그,,"['소세지', '칠리']"
쇠고기미역국,"['소', '미역', '국']",[],국,,"['소', '미역']"
오돈불고기덮밥,"['오돈', '불고기', '덮', '밥']",[],밥,덮,"['불고기', '오돈']"
오징어덮밥,"['오징어', '덮', '밥']",[],밥,덮,['오징어']
소시지카레우동,"['소세지', '카레', '우동']",[],우동,,"['소세지', '카레']"
뚝배기파스타,"['뚝배기', '파스타']",['뚝배기'],파스타,,
돈육생강장볶음,"['돼지', '생강장', '볶음']",[],볶음,,"['돼지', '생강장']"
짬뽕덮밥,"['짬뽕', '덮', '밥']",[],밥,덮,['짬뽕']
단호박치즈닭갈비,"['단호박', '치즈', '닭', '갈비']",[],,,"['치즈', '단호박', '갈비', '닭']"
옛날추억의도시락,"['옛날', '추억의', '도시락']","['옛날', '추억의']",도시락,,
쇠고기샤브샤브전골,"['소', '샤브', '전골']",[],전골,,"['샤브', '소']"
우삼겹김치볶음밥,"['우삼겹', '김치', '볶음', '밥']",[],밥,볶음,"['김치', '우삼겹']"
돈육버섯불고기,"['돼지', '버섯', '불고기']",[],,,"['불고기', '버섯', '돼지']"
양지쌀국수,"['양지', '쌀', '국수']",[],국수,쌀,['양지']
동태알탕,"['동태알', '탕']",[],탕,,['동태알']
사천식마파두부덮밥,"['사천식', '마파두부', '덮', '밥']",['사천식'],밥,덮,['마파두부']
스팸마늘쫑볶음밥,"['햄', '마늘쫑', '볶음', '밥']",[],밥,볶음,"['햄', '마늘쫑']"
식물성철판제육볶음밥,"['식물성', '철판', '제육', '볶음', '밥']","['식물성', '철판']",밥,볶음,['제육']
해물잡채덮밥,"['해물', '잡채', '덮', '밥']",[],밥,덮,"['잡채', '해물']"
얼큰짬뽕,"['얼큰', '짬뽕']",['얼큰'],짬뽕,,
조기구이,"['조기', '구이']",[],구이,,['조기']
미트볼뽀모도로파스타,"['미트볼', '토마토', '파스타']",[],파스타,,"['토마토', '미트볼']"
순살찜닭,"['순살', '찜', '닭']",['순살'],찜,,['닭']
스지양지설렁탕,"['스지', '양지', '설렁', '탕']",[],탕,설렁,"['스지', '양지']"
콩나물밥,"['콩나물', '밥']",[],밥,,['콩나물']
소고기버섯전골,"['소', '버섯', '전골']",[],전골,,"['버섯', '소']"
오징어채소볶음,"['오징어', '야채', '볶음']",[],볶음,,"['오징어', '야채']"
참치마요덮밥,"['참치', '마요', '덮', '밥']",[],밥,덮,"['마요', '참치']"
제육김치두르치기,"['제육', '김치']",[],,,"['제육', '김치']"
사과를품은카레 라이스,"['사과', '카레', '밥']",[],밥,,"['사과', '카레']"
삼색수제비,"['삼색', '수제비']",['삼색'],수제비,,
진도리닭볶음탕,"['도리', '닭', '볶음', '탕']",['도리'],탕,볶음,['닭']
파주닭국수,"['파주', '닭', '국수']",['파주'],국수,,['닭']
제육콩나물불고기,"['제육', '콩나물', '불고기']",[],,,"['불고기', '제육', '콩나물']"
제육참나물불고기,"['제육', '참나물', '불고기']",[],,,"['불고기', '참나물', '제육']"
소고기숙주덮밥,"['소', '숙주', '덮', '밥']",[],밥,덮,"['소', '숙주']"
보쌈,['보쌈'],[],보쌈,,
해물짬뽕탕,"['해물', '짬뽕', '탕']",[],탕,,"['해물', '짬뽕']"
깍두기볶음밥,"['깍두기', '볶음', '밥']",[],밥,볶음,['깍두기']
온쫄면,"['온', '쫄', '면']",['온'],면,쫄,
식물성한식교자만두국,"['식물성', '한식', '교자', '만두', '국']","['식물성', '한식']",국,,"['교자', '만두']"
중화식잡채덮밥,"['중화식', '잡채', '덮', '밥']",['중화식'],밥,덮,['잡채']
돈육미나리불고기,"['돼지', '미나리', '불고기']",[],,,"['불고기', '미나리', '돼지']"
소고기우육탕면,"['소', '소', '탕', '면']",[],면,탕,['소']
파이구판,['파이구판'],[],파이구판,,
닭도리탕,"['닭', '도리', '탕']",['도리'],탕,,['닭']
머쉬룸크림파스타,"['버섯', '크림', '파스타']",[],파스타,,"['크림', '버섯']"
돈마호크,['돈마호크'],[],,,['돈마호크']
돈육파채고추장불고기,"['돼지', '파채', '고추장', '불고기']",[],,,"['불고기', '파채', '돼지', '고추장']"
돈육오징어볶음,"['돼지', '오징어', '볶음']",[],볶음,,"['오징어', '돼지']"
우엉얼큰소고기버섯칼국수,"['우엉', '얼큰', '소', '버섯', '칼', '국수']",['얼큰'],국수,칼,"['버섯', '소', '우엉']"
시래기잡곡밥,"['시래기', '잡곡', '밥']",['잡곡'],밥,,['시래기']
뚝배기불고기,"['뚝배기', '불고기']",['뚝배기'],,,['불고기']
탄두리치킨커리 라이스,"['두리', '치킨', '카레', '밥']",['두리'],밥,,"['치킨', '카레']"
철판볶음우동,"['철판', '볶음', '우동']",['철판'],우동,볶음,
소고기순두부찌개,"['소', '순두부', '찌개']",[],찌개,,"['순두부', '소']"
생선구이,"['생선', '구이']",[],구이,,['생선']
어묵튀김떡볶이,"['어묵', '튀김', '떡', '볶이']",[],볶이,,"['어묵', '튀김', '떡']"
고추장제육불고기,"['고추장', '제육', '불고기']",[],,,"['불고기', '제육', '고추장']"
묵채비빔밥,"['묵채', '비빔', '밥']",[],밥,비빔,['묵채']
제육볶음덮밥,"['제육', '볶음', '덮', '밥']",[],밥,덮,"['볶음', '제육']"
소고기우엉볶음,"['소', '우엉', '볶음']",[],볶음,,"['소', '우엉']"
삼겹살고추장구이,"['삼겹', '고추장', '구이']",[],구이,,"['삼겹', '고추장']"
냉이된장찌개,"['냉이', '된장', '찌개']",[],찌개,,"['된장', '냉이']"
참치김치볶음밥,"['참치', '김치', '볶음', '밥']",[],밥,볶음,"['참치', '김치']"
차돌전복솥밥,"['차돌', '전복', '돌솥', '밥']",[],밥,돌솥,"['차돌', '전복']"
XO볶음밥,"['XO', '볶음', '밥']",[],밥,볶음,['XO']
돈육오징어덮밥,"['돼지', '오징어', '덮', '밥']",[],밥,덮,"['오징어', '돼지']"
콩나물돈육불고기,"['콩나물', '돼지', '불고기']",[],,,"['불고기', '돼지', '콩나물']"
감귤장칼국수,"['감귤', '장', '칼', '국수']",[],국수,칼,"['장', '감귤']"
바지락바지락된장찌개,"['바지락', '바지락', '된장', '찌개']",[],찌개,,"['된장', '바지락']"
치즈깍두기볶음밥,"['치즈', '깍두기', '볶음', '밥']",[],밥,볶음,"['깍두기', '치즈']"
로제소스치킨커틀릿,"['로제', '소스', '치킨', '까스']",['소스'],까스,,"['치킨', '로제']"
사골떡국,"['사골', '떡', '국']",[],국,,"['떡', '사골']"
돈육오징어고추장볶음,"['돼지', '오징어', '고추장', '볶음']",[],볶음,,"['오징어', '돼지', '고추장']"
달래알리오올리오파스타,"['달래', '알리오올리오', '파스타']",[],파스타,,"['알리오올리오', '달래']"
돈육파채불고기,"['돼지', '파채', '불고기']",[],,,"['불고기', '파채', '돼지']"
순대채소볶음,"['순대', '야채', '볶음']",[],볶음,,"['순대', '야채']"
톳영양밥,"['톳', '영양', '밥']",[],밥,영양,['톳']
열무돼지고기덮밥,"['열무', '돼지', '덮', '밥']",[],밥,덮,"['열무', '돼지']"
닭장각삿포로식수프카레 라이스,"['닭', '장각', '삿포로식', '수프', '카레', '밥']","['장각', '삿포로식']",밥,,"['수프', '닭', '카레']"
참치김치덮밥,"['참치', '김치', '덮', '밥']",[],밥,덮,"['참치', '김치']"
콩단백김치볶음밥,"['콩', '단', '백', '김치', '볶음', '밥']","['단', '백']",밥,볶음,"['콩', '김치']"
버섯두부전골,"['버섯', '두부', '전골']",[],전골,,"['버섯', '두부']"
돼지김치짜글이찌개,"['돼지', '김치', '짜글이', '찌개']",[],찌개,짜글이,"['돼지', '김치']"
치킨커틀릿,"['치킨', '까스']",[],까스,,['치킨']
돈육장조림비빔밥,"['돼지', '장조림', '비빔', '밥']",[],밥,비빔,"['장조림', '돼지']"
열무김치비빔밥,"['열무', '김치', '비빔', '밥']",[],밥,비빔,"['열무', '김치']"
새우계란볶음밥,"['새우', '계란', '볶음', '밥']",[],밥,볶음,"['계란', '새우']"
소고기달걀덮밥,"['소', '계란', '덮', '밥']",[],밥,덮,"['소', '계란']"
백순대볶음,"['백', '순대', '볶음']",['백'],볶음,,['순대']
열무돈육덮밥,"['열무', '돼지', '덮', '밥']",[],밥,덮,"['열무', '돼지']"
목살스테이크,"['돼지', '스테이크']",[],스테이크,,['돼지']
사천짜장면,"['사천', '짜장', '면']",['사천'],면,,['짜장']
순살치즈치킨까스,"['순살', '치즈', '치킨', '까스']",['순살'],까스,,"['치즈', '치킨']"
목살필라프,"['돼지', '필라프']",[],필라프,,['돼지']
소고기곤드레볶음밥,"['소', '곤드레', '볶음', '밥']",[],밥,볶음,"['곤드레', '소']"
미트소스스파게티,"['미트', '소스', '스파게티']",['소스'],스파게티,,['미트']
콘치즈닭갈비,"['콘치즈', '닭', '갈비']",[],,,"['갈비', '콘치즈', '닭']"
짬뽕전골,"['짬뽕', '전골']",[],전골,,['짬뽕']
치킨나시고랭,"['치킨', '나시고랭']",[],나시고랭,,['치킨']
돈육김치찜,"['돼지', '김치', '찜']",[],찜,,"['돼지', '김치']"
일식비프커리 라이스,"['일식', '소', '카레', '밥']",['일식'],밥,,"['소', '카레']"
미나리불고기,"['미나리', '불고기']",[],,,"['불고기', '미나리']"
주꾸미팔보채덮밥,"['주꾸미', '팔보채', '덮', '밥']",[],밥,덮,"['팔보채', '주꾸미']"
들깨칼제비,"['들깨', '칼제비']",[],칼제비,,['들깨']
오돈불고기볶음,"['오돈', '불고기', '볶음']",[],볶음,,"['불고기', '오돈']"
대패삼겹김치찌개,"['대패', '삼겹', '김치', '찌개']",['대패'],찌개,,"['삼겹', '김치']"
도산분식떡볶이,"['도산분식', '떡', '볶이']",['도산분식'],볶이,,['떡']
순살고추장찜닭,"['순살', '고추장', '찜', '닭']",['순살'],찜,,"['닭', '고추장']"
오므하이라이스,"['오므', '하이', '밥']",['오므'],밥,하이,
반반만두전골,"['반반', '만두', '전골']",['반반'],전골,,['만두']
불맛오징어덮밥,"['불맛', '오징어', '덮', '밥']",['불맛'],밥,덮,['오징어']
묵은지닭갈비,"['묵은지', '닭', '갈비']",[],,,"['갈비', '묵은지', '닭']"
미니우동,"['미니', '우동']",['미니'],우동,,
취나물버섯밥,"['취나물', '버섯', '밥']",[],밥,,"['버섯', '취나물']"
